[{
  "author": {
    "type": "user",
    "userName": "Adele",
    "url": "https://x.com/Adele",
    "twitterUrl": "https://twitter.com/Adele",
    "id": "184910040",
    "name": "Adele",
    "isVerified": false,
    "isBlueVerified": true,
    "profilePicture": "https://pbs.twimg.com/profile_images/1448287947686617089/N7uf8mjs_normal.jpg",
    "coverPicture": "https://pbs.twimg.com/profile_banners/184910040/1634133730",
    "description": "https://t.co/31T2EYGNLy",
    "location": "London",
    "followers": 26756770,
    "following": 1,
    "status": "",
    "canDm": false,
    "canMediaTag": true,
    "createdAt": "Mon Aug 30 19:53:19 +0000 2010",
    "entities": {
      "description": {
        "urls": [
          {
            "display_url": "adele.com",
            "expanded_url": "http://adele.com",
            "url": "https://t.co/31T2EYGNLy",
            "indices": [
              0,
              23
            ]
          }
        ]
      },
      "url": {
        "urls": [
          {
            "display_url": "adele.com",
            "expanded_url": "http://adele.com",
            "url": "https://t.co/31T2EYGNLy",
            "indices": [
              0,
              23
            ]
          }
        ]
      }
    },
    "fastFollowersCount": 0,
    "favouritesCount": 2,
    "hasCustomTimelines": false,
    "isTranslator": false,
    "mediaCount": 281,
    "statusesCount": 534,
    "withheldInCountries": [],
    "affiliatesHighlightedLabel": {},
    "possiblySensitive": false,
    "pinnedTweetIds": []
  },
  "id": "1850964675736838233",
  "text": "Thank you @celinedion https://t.co/R2zDXrA4wr",
  "twitterUrl": "https://twitter.com/Adele/status/1850964675736838233"
},
{
  "author": {
    "type": "user",
    "userName": "Adele",
    "url": "https://x.com/Adele",
    "twitterUrl": "https://twitter.com/Adele",
    "id": "184910040",
    "name": "Adele",
    "isVerified": false,
    "isBlueVerified": true,
    "profilePicture": "https://pbs.twimg.com/profile_images/1448287947686617089/N7uf8mjs_normal.jpg",
    "coverPicture": "https://pbs.twimg.com/profile_banners/184910040/1634133730",
    "description": "https://t.co/31T2EYGNLy",
    "location": "London",
    "followers": 26756770,
    "following": 1,
    "status": "",
    "canDm": false,
    "canMediaTag": true,
    "createdAt": "Mon Aug 30 19:53:19 +0000 2010",
    "entities": {
      "description": {
        "urls": [
          {
            "display_url": "adele.com",
            "expanded_url": "http://adele.com",
            "url": "https://t.co/31T2EYGNLy",
            "indices": [
              0,
              23
            ]
          }
        ]
      },
      "url": {
        "urls": [
          {
            "display_url": "adele.com",
            "expanded_url": "http://adele.com",
            "url": "https://t.co/31T2EYGNLy",
            "indices": [
              0,
              23
            ]
          }
        ]
      }
    },
    "fastFollowersCount": 0,
    "favouritesCount": 2,
    "hasCustomTimelines": false,
    "isTranslator": false,
    "mediaCount": 281,
    "statusesCount": 534,
    "withheldInCountries": [],
    "affiliatesHighlightedLabel": {},
    "possiblySensitive": false,
    "pinnedTweetIds": []
  },
  "id": "1861443971936850247",
  "text": "To commemorate the ending of my residency in Las Vegas, I'm making a limited edition vinyl box set featuring the entire live setlist, a photo book, and even confetti from the show.\n\nhttps://t.co/rwyT9U6FWU https://t.co/J6f1W0dcRO",
  "twitterUrl": "https://twitter.com/Adele/status/1861443971936850247"
},
{
  "author": {
    "type": "user",
    "userName": "Adele",
    "url": "https://x.com/Adele",
    "twitterUrl": "https://twitter.com/Adele",
    "id": "184910040",
    "name": "Adele",
    "isVerified": false,
    "isBlueVerified": true,
    "profilePicture": "https://pbs.twimg.com/profile_images/1448287947686617089/N7uf8mjs_normal.jpg",
    "coverPicture": "https://pbs.twimg.com/profile_banners/184910040/1634133730",
    "description": "https://t.co/31T2EYGNLy",
    "location": "London",
    "followers": 26756770,
    "following": 1,
    "status": "",
    "canDm": false,
    "canMediaTag": true,
    "createdAt": "Mon Aug 30 19:53:19 +0000 2010",
    "entities": {
      "description": {
        "urls": [
          {
            "display_url": "adele.com",
            "expanded_url": "http://adele.com",
            "url": "https://t.co/31T2EYGNLy",
            "indices": [
              0,
              23
            ]
          }
        ]
      },
      "url": {
        "urls": [
          {
            "display_url": "adele.com",
            "expanded_url": "http://adele.com",
            "url": "https://t.co/31T2EYGNLy",
            "indices": [
              0,
              23
            ]
          }
        ]
      }
    },
    "fastFollowersCount": 0,
    "favouritesCount": 2,
    "hasCustomTimelines": false,
    "isTranslator": false,
    "mediaCount": 281,
    "statusesCount": 534,
    "withheldInCountries": [],
    "affiliatesHighlightedLabel": {},
    "possiblySensitive": false,
    "pinnedTweetIds": []
  },
  "id": "1861444399143485907",
  "text": "The new merch store also features my new card game, ‘Love is a Game’, favourite items from Vegas and Munich, as well as some new holiday exclusives. \n\nhttps://t.co/rwyT9U6FWU https://t.co/29jwQp8Hyu",
  "twitterUrl": "https://twitter.com/Adele/status/1861444399143485907"
},
{
  "author": {
    "type": "user",
    "userName": "Adele",
    "url": "https://x.com/Adele",
    "twitterUrl": "https://twitter.com/Adele",
    "id": "184910040",
    "name": "Adele",
    "isVerified": false,
    "isBlueVerified": true,
    "profilePicture": "https://pbs.twimg.com/profile_images/1448287947686617089/N7uf8mjs_normal.jpg",
    "coverPicture": "https://pbs.twimg.com/profile_banners/184910040/1634133730",
    "description": "https://t.co/31T2EYGNLy",
    "location": "London",
    "followers": 26756770,
    "following": 1,
    "status": "",
    "canDm": false,
    "canMediaTag": true,
    "createdAt": "Mon Aug 30 19:53:19 +0000 2010",
    "entities": {
      "description": {
        "urls": [
          {
            "display_url": "adele.com",
            "expanded_url": "http://adele.com",
            "url": "https://t.co/31T2EYGNLy",
            "indices": [
              0,
              23
            ]
          }
        ]
      },
      "url": {
        "urls": [
          {
            "display_url": "adele.com",
            "expanded_url": "http://adele.com",
            "url": "https://t.co/31T2EYGNLy",
            "indices": [
              0,
              23
            ]
          }
        ]
      }
    },
    "fastFollowersCount": 0,
    "favouritesCount": 2,
    "hasCustomTimelines": false,
    "isTranslator": false,
    "mediaCount": 281,
    "statusesCount": 534,
    "withheldInCountries": [],
    "affiliatesHighlightedLabel": {},
    "possiblySensitive": false,
    "pinnedTweetIds": []
  },
  "id": "1861151168447291763",
  "text": "Well what an adventure! Las Vegas you’ve been so good to me. This residency went on to mirror what 30 was about - lost and broken to healed and thriving! Seems so fitting in the end. https://t.co/e7xyp420tu",
  "twitterUrl": "https://twitter.com/Adele/status/1861151168447291763"
},
{
  "author": {
    "type": "user",
    "userName": "Adele",
    "url": "https://x.com/Adele",
    "twitterUrl": "https://twitter.com/Adele",
    "id": "184910040",
    "name": "Adele",
    "isVerified": false,
    "isBlueVerified": true,
    "profilePicture": "https://pbs.twimg.com/profile_images/1448287947686617089/N7uf8mjs_normal.jpg",
    "coverPicture": "https://pbs.twimg.com/profile_banners/184910040/1634133730",
    "description": "https://t.co/31T2EYGNLy",
    "location": "London",
    "followers": 26756770,
    "following": 1,
    "status": "",
    "canDm": false,
    "canMediaTag": true,
    "createdAt": "Mon Aug 30 19:53:19 +0000 2010",
    "entities": {
      "description": {
        "urls": [
          {
            "display_url": "adele.com",
            "expanded_url": "http://adele.com",
            "url": "https://t.co/31T2EYGNLy",
            "indices": [
              0,
              23
            ]
          }
        ]
      },
      "url": {
        "urls": [
          {
            "display_url": "adele.com",
            "expanded_url": "http://adele.com",
            "url": "https://t.co/31T2EYGNLy",
            "indices": [
              0,
              23
            ]
          }
        ]
      }
    },
    "fastFollowersCount": 0,
    "favouritesCount": 2,
    "hasCustomTimelines": false,
    "isTranslator": false,
    "mediaCount": 281,
    "statusesCount": 534,
    "withheldInCountries": [],
    "affiliatesHighlightedLabel": {},
    "possiblySensitive": false,
    "pinnedTweetIds": []
  },
  "id": "1861151170661953794",
  "text": "The only thing left to do in this case is move on. These 100 shows have been so easy to love. They were all completely different because I got to really be with every single person in the room every night.",
  "twitterUrl": "https://twitter.com/Adele/status/1861151170661953794"
},
{
  "author": {
    "type": "user",
    "userName": "Adele",
    "url": "https://x.com/Adele",
    "twitterUrl": "https://twitter.com/Adele",
    "id": "184910040",
    "name": "Adele",
    "isVerified": false,
    "isBlueVerified": true,
    "profilePicture": "https://pbs.twimg.com/profile_images/1448287947686617089/N7uf8mjs_normal.jpg",
    "coverPicture": "https://pbs.twimg.com/profile_banners/184910040/1634133730",
    "description": "https://t.co/31T2EYGNLy",
    "location": "London",
    "followers": 26756770,
    "following": 1,
    "status": "",
    "canDm": false,
    "canMediaTag": true,
    "createdAt": "Mon Aug 30 19:53:19 +0000 2010",
    "entities": {
      "description": {
        "urls": [
          {
            "display_url": "adele.com",
            "expanded_url": "http://adele.com",
            "url": "https://t.co/31T2EYGNLy",
            "indices": [
              0,
              23
            ]
          }
        ]
      },
      "url": {
        "urls": [
          {
            "display_url": "adele.com",
            "expanded_url": "http://adele.com",
            "url": "https://t.co/31T2EYGNLy",
            "indices": [
              0,
              23
            ]
          }
        ]
      }
    },
    "fastFollowersCount": 0,
    "favouritesCount": 2,
    "hasCustomTimelines": false,
    "isTranslator": false,
    "mediaCount": 281,
    "statusesCount": 534,
    "withheldInCountries": [],
    "affiliatesHighlightedLabel": {},
    "possiblySensitive": false,
    "pinnedTweetIds": []
  },
  "id": "1861151173195243542",
  "text": "I’ve loved every single second of it and I am so proud of it! I will miss it terribly, and I will miss YOU all terribly too. Thank you! Thank you! Thank you! See you next time 🪐",
  "twitterUrl": "https://twitter.com/Adele/status/1861151173195243542"
},
{
  "author": {
    "type": "user",
    "userName": "Adele",
    "url": "https://x.com/Adele",
    "twitterUrl": "https://twitter.com/Adele",
    "id": "184910040",
    "name": "Adele",
    "isVerified": false,
    "isBlueVerified": true,
    "profilePicture": "https://pbs.twimg.com/profile_images/1448287947686617089/N7uf8mjs_normal.jpg",
    "coverPicture": "https://pbs.twimg.com/profile_banners/184910040/1634133730",
    "description": "https://t.co/31T2EYGNLy",
    "location": "London",
    "followers": 26756770,
    "following": 1,
    "status": "",
    "canDm": false,
    "canMediaTag": true,
    "createdAt": "Mon Aug 30 19:53:19 +0000 2010",
    "entities": {
      "description": {
        "urls": [
          {
            "display_url": "adele.com",
            "expanded_url": "http://adele.com",
            "url": "https://t.co/31T2EYGNLy",
            "indices": [
              0,
              23
            ]
          }
        ]
      },
      "url": {
        "urls": [
          {
            "display_url": "adele.com",
            "expanded_url": "http://adele.com",
            "url": "https://t.co/31T2EYGNLy",
            "indices": [
              0,
              23
            ]
          }
        ]
      }
    },
    "fastFollowersCount": 0,
    "favouritesCount": 2,
    "hasCustomTimelines": false,
    "isTranslator": false,
    "mediaCount": 281,
    "statusesCount": 534,
    "withheldInCountries": [],
    "affiliatesHighlightedLabel": {},
    "possiblySensitive": false,
    "pinnedTweetIds": []
  },
  "id": "1860858806932033734",
  "text": "Weekend 50 - The End https://t.co/lCMNVVWy99",
  "twitterUrl": "https://twitter.com/Adele/status/1860858806932033734"
},
{
  "author": {
    "type": "user",
    "userName": "Adele",
    "url": "https://x.com/Adele",
    "twitterUrl": "https://twitter.com/Adele",
    "id": "184910040",
    "name": "Adele",
    "isVerified": false,
    "isBlueVerified": true,
    "profilePicture": "https://pbs.twimg.com/profile_images/1448287947686617089/N7uf8mjs_normal.jpg",
    "coverPicture": "https://pbs.twimg.com/profile_banners/184910040/1634133730",
    "description": "https://t.co/31T2EYGNLy",
    "location": "London",
    "followers": 26756770,
    "following": 1,
    "status": "",
    "canDm": false,
    "canMediaTag": true,
    "createdAt": "Mon Aug 30 19:53:19 +0000 2010",
    "entities": {
      "description": {
        "urls": [
          {
            "display_url": "adele.com",
            "expanded_url": "http://adele.com",
            "url": "https://t.co/31T2EYGNLy",
            "indices": [
              0,
              23
            ]
          }
        ]
      },
      "url": {
        "urls": [
          {
            "display_url": "adele.com",
            "expanded_url": "http://adele.com",
            "url": "https://t.co/31T2EYGNLy",
            "indices": [
              0,
              23
            ]
          }
        ]
      }
    },
    "fastFollowersCount": 0,
    "favouritesCount": 2,
    "hasCustomTimelines": false,
    "isTranslator": false,
    "mediaCount": 281,
    "statusesCount": 534,
    "withheldInCountries": [],
    "affiliatesHighlightedLabel": {},
    "possiblySensitive": false,
    "pinnedTweetIds": []
  },
  "id": "1860858815752585605",
  "text": "https://t.co/ubJxAztBla",
  "twitterUrl": "https://twitter.com/Adele/status/1860858815752585605"
}]