[{
  "author": {
    "type": "user",
    "userName": "BillGates",
    "url": "https://x.com/BillGates",
    "twitterUrl": "https://twitter.com/BillGates",
    "id": "50393960",
    "name": "Bill Gates",
    "isVerified": false,
    "isBlueVerified": true,
    "profilePicture": "https://pbs.twimg.com/profile_images/1674815862879178752/nTGMV1Eo_normal.jpg",
    "coverPicture": "https://pbs.twimg.com/profile_banners/50393960/1672784571",
    "description": "Sharing things I'm learning through my foundation work and other interests.",
    "location": "Seattle, WA",
    "followers": 65944040,
    "following": 584,
    "status": "",
    "canDm": false,
    "canMediaTag": false,
    "createdAt": "Wed Jun 24 18:44:10 +0000 2009",
    "entities": {
      "description": {
        "urls": []
      },
      "url": {
        "urls": [
          {
            "display_url": "gatesnot.es/blog",
            "expanded_url": "https://gatesnot.es/blog",
            "url": "https://t.co/UkvHzxDwkH",
            "indices": [
              0,
              23
            ]
          }
        ]
      }
    },
    "fastFollowersCount": 0,
    "favouritesCount": 557,
    "hasCustomTimelines": true,
    "isTranslator": false,
    "mediaCount": 1521,
    "statusesCount": 4482,
    "withheldInCountries": [],
    "affiliatesHighlightedLabel": {},
    "possiblySensitive": false,
    "pinnedTweetIds": []
  },
  "id": "1854611277307686982",
  "text": "Congratulations to President Trump and VP-elect Vance. America is at its strongest when we use ingenuity and innovation to improve lives here in the U.S. and around the world. I hope we can work together now to build a brighter future for everyone.",
  "twitterUrl": "https://twitter.com/BillGates/status/1854611277307686982"
},
{
  "author": {
    "type": "user",
    "userName": "BillGates",
    "url": "https://x.com/BillGates",
    "twitterUrl": "https://twitter.com/BillGates",
    "id": "50393960",
    "name": "Bill Gates",
    "isVerified": false,
    "isBlueVerified": true,
    "profilePicture": "https://pbs.twimg.com/profile_images/1674815862879178752/nTGMV1Eo_normal.jpg",
    "coverPicture": "https://pbs.twimg.com/profile_banners/50393960/1672784571",
    "description": "Sharing things I'm learning through my foundation work and other interests.",
    "location": "Seattle, WA",
    "followers": 65944040,
    "following": 584,
    "status": "",
    "canDm": false,
    "canMediaTag": false,
    "createdAt": "Wed Jun 24 18:44:10 +0000 2009",
    "entities": {
      "description": {
        "urls": []
      },
      "url": {
        "urls": [
          {
            "display_url": "gatesnot.es/blog",
            "expanded_url": "https://gatesnot.es/blog",
            "url": "https://t.co/UkvHzxDwkH",
            "indices": [
              0,
              23
            ]
          }
        ]
      }
    },
    "fastFollowersCount": 0,
    "favouritesCount": 557,
    "hasCustomTimelines": true,
    "isTranslator": false,
    "mediaCount": 1521,
    "statusesCount": 4482,
    "withheldInCountries": [],
    "affiliatesHighlightedLabel": {},
    "possiblySensitive": false,
    "pinnedTweetIds": []
  },
  "id": "1830689663474110466",
  "text": "Thank you @AbiyAhmedAli for your warm welcome during my visit to Ethiopia. I’m inspired by our insightful discussions on Ethiopia’s development progress, and I’m excited by the opportunity to continue supporting our partners to track and accelerate progress in health, agriculture and financial inclusion. @PMEthiopia",
  "twitterUrl": "https://twitter.com/BillGates/status/1830689663474110466"
},
{
  "author": {
    "type": "user",
    "userName": "BillGates",
    "url": "https://x.com/BillGates",
    "twitterUrl": "https://twitter.com/BillGates",
    "id": "50393960",
    "name": "Bill Gates",
    "isVerified": false,
    "isBlueVerified": true,
    "profilePicture": "https://pbs.twimg.com/profile_images/1674815862879178752/nTGMV1Eo_normal.jpg",
    "coverPicture": "https://pbs.twimg.com/profile_banners/50393960/1672784571",
    "description": "Sharing things I'm learning through my foundation work and other interests.",
    "location": "Seattle, WA",
    "followers": 65944040,
    "following": 584,
    "status": "",
    "canDm": false,
    "canMediaTag": false,
    "createdAt": "Wed Jun 24 18:44:10 +0000 2009",
    "entities": {
      "description": {
        "urls": []
      },
      "url": {
        "urls": [
          {
            "display_url": "gatesnot.es/blog",
            "expanded_url": "https://gatesnot.es/blog",
            "url": "https://t.co/UkvHzxDwkH",
            "indices": [
              0,
              23
            ]
          }
        ]
      }
    },
    "fastFollowersCount": 0,
    "favouritesCount": 557,
    "hasCustomTimelines": true,
    "isTranslator": false,
    "mediaCount": 1521,
    "statusesCount": 4482,
    "withheldInCountries": [],
    "affiliatesHighlightedLabel": {},
    "possiblySensitive": false,
    "pinnedTweetIds": []
  },
  "id": "1821363146562609270",
  "text": "Aidan’s work to end polio saved countless lives and touched even more. His optimism and commitment to helping others made him a leader in the field—and a great friend to everyone who knew him. I'm sending my deepest condolences to his family and loved ones during this difficult time.",
  "twitterUrl": "https://twitter.com/BillGates/status/1821363146562609270"
},
{
  "author": {
    "type": "user",
    "userName": "BillGates",
    "url": "https://x.com/BillGates",
    "twitterUrl": "https://twitter.com/BillGates",
    "id": "50393960",
    "name": "Bill Gates",
    "isVerified": false,
    "isBlueVerified": true,
    "profilePicture": "https://pbs.twimg.com/profile_images/1674815862879178752/nTGMV1Eo_normal.jpg",
    "coverPicture": "https://pbs.twimg.com/profile_banners/50393960/1672784571",
    "description": "Sharing things I'm learning through my foundation work and other interests.",
    "location": "Seattle, WA",
    "followers": 65944040,
    "following": 584,
    "status": "",
    "canDm": false,
    "canMediaTag": false,
    "createdAt": "Wed Jun 24 18:44:10 +0000 2009",
    "entities": {
      "description": {
        "urls": []
      },
      "url": {
        "urls": [
          {
            "display_url": "gatesnot.es/blog",
            "expanded_url": "https://gatesnot.es/blog",
            "url": "https://t.co/UkvHzxDwkH",
            "indices": [
              0,
              23
            ]
          }
        ]
      }
    },
    "fastFollowersCount": 0,
    "favouritesCount": 557,
    "hasCustomTimelines": true,
    "isTranslator": false,
    "mediaCount": 1521,
    "statusesCount": 4482,
    "withheldInCountries": [],
    "affiliatesHighlightedLabel": {},
    "possiblySensitive": false,
    "pinnedTweetIds": []
  },
  "id": "1816915492717879368",
  "text": "Thanks to incredible work by Indian experts, a study conducted on the Immediate Kangaroo Mother Care (IKMC) method in India, reveals some amazing findings about saving newborn lives. Such innovations have the potential to save countless lives globally. @narendramodi @JPNadda",
  "twitterUrl": "https://twitter.com/BillGates/status/1816915492717879368"
},
{
  "author": {
    "type": "user",
    "userName": "BillGates",
    "url": "https://x.com/BillGates",
    "twitterUrl": "https://twitter.com/BillGates",
    "id": "50393960",
    "name": "Bill Gates",
    "isVerified": false,
    "isBlueVerified": true,
    "profilePicture": "https://pbs.twimg.com/profile_images/1674815862879178752/nTGMV1Eo_normal.jpg",
    "coverPicture": "https://pbs.twimg.com/profile_banners/50393960/1672784571",
    "description": "Sharing things I'm learning through my foundation work and other interests.",
    "location": "Seattle, WA",
    "followers": 65944040,
    "following": 584,
    "status": "",
    "canDm": false,
    "canMediaTag": false,
    "createdAt": "Wed Jun 24 18:44:10 +0000 2009",
    "entities": {
      "description": {
        "urls": []
      },
      "url": {
        "urls": [
          {
            "display_url": "gatesnot.es/blog",
            "expanded_url": "https://gatesnot.es/blog",
            "url": "https://t.co/UkvHzxDwkH",
            "indices": [
              0,
              23
            ]
          }
        ]
      }
    },
    "fastFollowersCount": 0,
    "favouritesCount": 557,
    "hasCustomTimelines": true,
    "isTranslator": false,
    "mediaCount": 1521,
    "statusesCount": 4482,
    "withheldInCountries": [],
    "affiliatesHighlightedLabel": {},
    "possiblySensitive": false,
    "pinnedTweetIds": []
  },
  "id": "1810735924357288358",
  "text": "With Khanmigo’s assistance, teachers at First Avenue Elementary are finding it easier to personalize learning for each individual student. https://t.co/3HivaLEzvN",
  "twitterUrl": "https://twitter.com/BillGates/status/1810735924357288358"
},
{
  "author": {
    "type": "user",
    "userName": "BillGates",
    "url": "https://x.com/BillGates",
    "twitterUrl": "https://twitter.com/BillGates",
    "id": "50393960",
    "name": "Bill Gates",
    "isVerified": false,
    "isBlueVerified": true,
    "profilePicture": "https://pbs.twimg.com/profile_images/1674815862879178752/nTGMV1Eo_normal.jpg",
    "coverPicture": "https://pbs.twimg.com/profile_banners/50393960/1672784571",
    "description": "Sharing things I'm learning through my foundation work and other interests.",
    "location": "Seattle, WA",
    "followers": 65944040,
    "following": 584,
    "status": "",
    "canDm": false,
    "canMediaTag": false,
    "createdAt": "Wed Jun 24 18:44:10 +0000 2009",
    "entities": {
      "description": {
        "urls": []
      },
      "url": {
        "urls": [
          {
            "display_url": "gatesnot.es/blog",
            "expanded_url": "https://gatesnot.es/blog",
            "url": "https://t.co/UkvHzxDwkH",
            "indices": [
              0,
              23
            ]
          }
        ]
      }
    },
    "fastFollowersCount": 0,
    "favouritesCount": 557,
    "hasCustomTimelines": true,
    "isTranslator": false,
    "mediaCount": 1521,
    "statusesCount": 4482,
    "withheldInCountries": [],
    "affiliatesHighlightedLabel": {},
    "possiblySensitive": false,
    "pinnedTweetIds": []
  },
  "id": "1806536643610034564",
  "text": "I'm glad you could join us at the @Breakthrough Energy Summit! #BESummit24",
  "twitterUrl": "https://twitter.com/BillGates/status/1806536643610034564"
},
{
  "author": {
    "type": "user",
    "userName": "BillGates",
    "url": "https://x.com/BillGates",
    "twitterUrl": "https://twitter.com/BillGates",
    "id": "50393960",
    "name": "Bill Gates",
    "isVerified": false,
    "isBlueVerified": true,
    "profilePicture": "https://pbs.twimg.com/profile_images/1674815862879178752/nTGMV1Eo_normal.jpg",
    "coverPicture": "https://pbs.twimg.com/profile_banners/50393960/1672784571",
    "description": "Sharing things I'm learning through my foundation work and other interests.",
    "location": "Seattle, WA",
    "followers": 65944040,
    "following": 584,
    "status": "",
    "canDm": false,
    "canMediaTag": false,
    "createdAt": "Wed Jun 24 18:44:10 +0000 2009",
    "entities": {
      "description": {
        "urls": []
      },
      "url": {
        "urls": [
          {
            "display_url": "gatesnot.es/blog",
            "expanded_url": "https://gatesnot.es/blog",
            "url": "https://t.co/UkvHzxDwkH",
            "indices": [
              0,
              23
            ]
          }
        ]
      }
    },
    "fastFollowersCount": 0,
    "favouritesCount": 557,
    "hasCustomTimelines": true,
    "isTranslator": false,
    "mediaCount": 1521,
    "statusesCount": 4482,
    "withheldInCountries": [],
    "affiliatesHighlightedLabel": {},
    "possiblySensitive": false,
    "pinnedTweetIds": []
  },
  "id": "1805665461847343440",
  "text": "At the first Breakthrough Energy Summit in 2022, I shared updates on the cutting-edge concepts and companies we’re supporting that address the five grand challenges of climate change. This year, in London, we have something else to share: a whole portfolio of clean technologies that aren’t just promising but proven and ready for the market—today. https://t.co/hW3kFW4dJC #BESummit24",
  "twitterUrl": "https://twitter.com/BillGates/status/1805665461847343440"
},
{
  "author": {
    "type": "user",
    "userName": "BillGates",
    "url": "https://x.com/BillGates",
    "twitterUrl": "https://twitter.com/BillGates",
    "id": "50393960",
    "name": "Bill Gates",
    "isVerified": false,
    "isBlueVerified": true,
    "profilePicture": "https://pbs.twimg.com/profile_images/1674815862879178752/nTGMV1Eo_normal.jpg",
    "coverPicture": "https://pbs.twimg.com/profile_banners/50393960/1672784571",
    "description": "Sharing things I'm learning through my foundation work and other interests.",
    "location": "Seattle, WA",
    "followers": 65944040,
    "following": 584,
    "status": "",
    "canDm": false,
    "canMediaTag": false,
    "createdAt": "Wed Jun 24 18:44:10 +0000 2009",
    "entities": {
      "description": {
        "urls": []
      },
      "url": {
        "urls": [
          {
            "display_url": "gatesnot.es/blog",
            "expanded_url": "https://gatesnot.es/blog",
            "url": "https://t.co/UkvHzxDwkH",
            "indices": [
              0,
              23
            ]
          }
        ]
      }
    },
    "fastFollowersCount": 0,
    "favouritesCount": 557,
    "hasCustomTimelines": true,
    "isTranslator": false,
    "mediaCount": 1521,
    "statusesCount": 4482,
    "withheldInCountries": [],
    "affiliatesHighlightedLabel": {},
    "possiblySensitive": false,
    "pinnedTweetIds": []
  },
  "id": "1805646046762254484",
  "text": "RT @Breakthrough: Welcome to #BESummit24! The need to decarbonize our world has never been more pressing, but with extraordinary advancemen…",
  "twitterUrl": "https://twitter.com/BillGates/status/1805646046762254484"
}]