[{
  "author": {
    "type": "user",
    "userName": "Cristiano",
    "url": "https://x.com/Cristiano",
    "twitterUrl": "https://twitter.com/Cristiano",
    "id": "155659213",
    "name": "Cristiano Ronaldo",
    "isVerified": false,
    "isBlueVerified": true,
    "profilePicture": "https://pbs.twimg.com/profile_images/1594446880498401282/o4L2z8Ay_normal.jpg",
    "coverPicture": "https://pbs.twimg.com/profile_banners/155659213/1668980773",
    "description": "Welcome to the official Twitter / X page of Cristiano Ronaldo.",
    "location": "",
    "followers": 114050284,
    "following": 70,
    "status": "",
    "canDm": false,
    "canMediaTag": true,
    "createdAt": "Mon Jun 14 19:09:20 +0000 2010",
    "entities": {
      "description": {
        "urls": []
      },
      "url": {
        "urls": [
          {
            "display_url": "cristianoronaldo.com",
            "expanded_url": "https://www.cristianoronaldo.com/",
            "url": "https://t.co/Pc19xaN1Sp",
            "indices": [
              0,
              23
            ]
          }
        ]
      }
    },
    "fastFollowersCount": 0,
    "favouritesCount": 46,
    "hasCustomTimelines": false,
    "isTranslator": false,
    "mediaCount": 2277,
    "statusesCount": 4196,
    "withheldInCountries": [],
    "affiliatesHighlightedLabel": {},
    "possiblySensitive": false,
    "pinnedTweetIds": []
  },
  "id": "1866942431989756322",
  "text": "Congratulations to all my friends in Saudi, I know how proud you all are today and I am sure @Saudi2034 will be historic 🇸🇦🏆\n\n#WelcomeToSaudi34 https://t.co/m0GB1O2R4w",
  "twitterUrl": "https://twitter.com/Cristiano/status/1866942431989756322"
},
{
  "author": {
    "type": "user",
    "userName": "Cristiano",
    "url": "https://x.com/Cristiano",
    "twitterUrl": "https://twitter.com/Cristiano",
    "id": "155659213",
    "name": "Cristiano Ronaldo",
    "isVerified": false,
    "isBlueVerified": true,
    "profilePicture": "https://pbs.twimg.com/profile_images/1594446880498401282/o4L2z8Ay_normal.jpg",
    "coverPicture": "https://pbs.twimg.com/profile_banners/155659213/1668980773",
    "description": "Welcome to the official Twitter / X page of Cristiano Ronaldo.",
    "location": "",
    "followers": 114050284,
    "following": 70,
    "status": "",
    "canDm": false,
    "canMediaTag": true,
    "createdAt": "Mon Jun 14 19:09:20 +0000 2010",
    "entities": {
      "description": {
        "urls": []
      },
      "url": {
        "urls": [
          {
            "display_url": "cristianoronaldo.com",
            "expanded_url": "https://www.cristianoronaldo.com/",
            "url": "https://t.co/Pc19xaN1Sp",
            "indices": [
              0,
              23
            ]
          }
        ]
      }
    },
    "fastFollowersCount": 0,
    "favouritesCount": 46,
    "hasCustomTimelines": false,
    "isTranslator": false,
    "mediaCount": 2277,
    "statusesCount": 4196,
    "withheldInCountries": [],
    "affiliatesHighlightedLabel": {},
    "possiblySensitive": false,
    "pinnedTweetIds": []
  },
  "id": "1866882368088535190",
  "text": "Um sonho tornado realidade 🇵🇹 Portugal vai receber o Mundial 2030 e encher-nos de orgulho. Juntos! https://t.co/rkxkf8bYUZ",
  "twitterUrl": "https://twitter.com/Cristiano/status/1866882368088535190"
},
{
  "author": {
    "type": "user",
    "userName": "Cristiano",
    "url": "https://x.com/Cristiano",
    "twitterUrl": "https://twitter.com/Cristiano",
    "id": "155659213",
    "name": "Cristiano Ronaldo",
    "isVerified": false,
    "isBlueVerified": true,
    "profilePicture": "https://pbs.twimg.com/profile_images/1594446880498401282/o4L2z8Ay_normal.jpg",
    "coverPicture": "https://pbs.twimg.com/profile_banners/155659213/1668980773",
    "description": "Welcome to the official Twitter / X page of Cristiano Ronaldo.",
    "location": "",
    "followers": 114050284,
    "following": 70,
    "status": "",
    "canDm": false,
    "canMediaTag": true,
    "createdAt": "Mon Jun 14 19:09:20 +0000 2010",
    "entities": {
      "description": {
        "urls": []
      },
      "url": {
        "urls": [
          {
            "display_url": "cristianoronaldo.com",
            "expanded_url": "https://www.cristianoronaldo.com/",
            "url": "https://t.co/Pc19xaN1Sp",
            "indices": [
              0,
              23
            ]
          }
        ]
      }
    },
    "fastFollowersCount": 0,
    "favouritesCount": 46,
    "hasCustomTimelines": false,
    "isTranslator": false,
    "mediaCount": 2277,
    "statusesCount": 4196,
    "withheldInCountries": [],
    "affiliatesHighlightedLabel": {},
    "possiblySensitive": false,
    "pinnedTweetIds": []
  },
  "id": "1866775071252959617",
  "text": "Today is the day to tell you that this A is AVA. ​\nA new project in which I am putting all my experience as an athlete to help others improve their recovery and increase their performance. Products to take you further.​\n\nDiscover the products: https://t.co/XNLNI5Gsdt\n#AdvancedRecoveryforAthletes",
  "twitterUrl": "https://twitter.com/Cristiano/status/1866775071252959617"
},
{
  "author": {
    "type": "user",
    "userName": "Cristiano",
    "url": "https://x.com/Cristiano",
    "twitterUrl": "https://twitter.com/Cristiano",
    "id": "155659213",
    "name": "Cristiano Ronaldo",
    "isVerified": false,
    "isBlueVerified": true,
    "profilePicture": "https://pbs.twimg.com/profile_images/1594446880498401282/o4L2z8Ay_normal.jpg",
    "coverPicture": "https://pbs.twimg.com/profile_banners/155659213/1668980773",
    "description": "Welcome to the official Twitter / X page of Cristiano Ronaldo.",
    "location": "",
    "followers": 114050284,
    "following": 70,
    "status": "",
    "canDm": false,
    "canMediaTag": true,
    "createdAt": "Mon Jun 14 19:09:20 +0000 2010",
    "entities": {
      "description": {
        "urls": []
      },
      "url": {
        "urls": [
          {
            "display_url": "cristianoronaldo.com",
            "expanded_url": "https://www.cristianoronaldo.com/",
            "url": "https://t.co/Pc19xaN1Sp",
            "indices": [
              0,
              23
            ]
          }
        ]
      }
    },
    "fastFollowersCount": 0,
    "favouritesCount": 46,
    "hasCustomTimelines": false,
    "isTranslator": false,
    "mediaCount": 2277,
    "statusesCount": 4196,
    "withheldInCountries": [],
    "affiliatesHighlightedLabel": {},
    "possiblySensitive": false,
    "pinnedTweetIds": []
  },
  "id": "1865116107197022691",
  "text": "We will come back stronger. https://t.co/Y82dSIMQlQ",
  "twitterUrl": "https://twitter.com/Cristiano/status/1865116107197022691"
},
{
  "author": {
    "type": "user",
    "userName": "Cristiano",
    "url": "https://x.com/Cristiano",
    "twitterUrl": "https://twitter.com/Cristiano",
    "id": "155659213",
    "name": "Cristiano Ronaldo",
    "isVerified": false,
    "isBlueVerified": true,
    "profilePicture": "https://pbs.twimg.com/profile_images/1594446880498401282/o4L2z8Ay_normal.jpg",
    "coverPicture": "https://pbs.twimg.com/profile_banners/155659213/1668980773",
    "description": "Welcome to the official Twitter / X page of Cristiano Ronaldo.",
    "location": "",
    "followers": 114050284,
    "following": 70,
    "status": "",
    "canDm": false,
    "canMediaTag": true,
    "createdAt": "Mon Jun 14 19:09:20 +0000 2010",
    "entities": {
      "description": {
        "urls": []
      },
      "url": {
        "urls": [
          {
            "display_url": "cristianoronaldo.com",
            "expanded_url": "https://www.cristianoronaldo.com/",
            "url": "https://t.co/Pc19xaN1Sp",
            "indices": [
              0,
              23
            ]
          }
        ]
      }
    },
    "fastFollowersCount": 0,
    "favouritesCount": 46,
    "hasCustomTimelines": false,
    "isTranslator": false,
    "mediaCount": 2277,
    "statusesCount": 4196,
    "withheldInCountries": [],
    "affiliatesHighlightedLabel": {},
    "possiblySensitive": false,
    "pinnedTweetIds": []
  },
  "id": "1864703375771566463",
  "text": "Play NOW! The free-to-play @uflgame is live on PS5 and Xbox Series X|S! Grab your UFL Ambassador Pack at https://t.co/607TDmjoum and get straight into action! Enjoy! 👊⚽️\n\n#uflgame #play4football #play4legacy #Ad\nOfficial Rules apply https://t.co/HmCELxp9ls",
  "twitterUrl": "https://twitter.com/Cristiano/status/1864703375771566463"
},
{
  "author": {
    "type": "user",
    "userName": "Cristiano",
    "url": "https://x.com/Cristiano",
    "twitterUrl": "https://twitter.com/Cristiano",
    "id": "155659213",
    "name": "Cristiano Ronaldo",
    "isVerified": false,
    "isBlueVerified": true,
    "profilePicture": "https://pbs.twimg.com/profile_images/1594446880498401282/o4L2z8Ay_normal.jpg",
    "coverPicture": "https://pbs.twimg.com/profile_banners/155659213/1668980773",
    "description": "Welcome to the official Twitter / X page of Cristiano Ronaldo.",
    "location": "",
    "followers": 114050284,
    "following": 70,
    "status": "",
    "canDm": false,
    "canMediaTag": true,
    "createdAt": "Mon Jun 14 19:09:20 +0000 2010",
    "entities": {
      "description": {
        "urls": []
      },
      "url": {
        "urls": [
          {
            "display_url": "cristianoronaldo.com",
            "expanded_url": "https://www.cristianoronaldo.com/",
            "url": "https://t.co/Pc19xaN1Sp",
            "indices": [
              0,
              23
            ]
          }
        ]
      }
    },
    "fastFollowersCount": 0,
    "favouritesCount": 46,
    "hasCustomTimelines": false,
    "isTranslator": false,
    "mediaCount": 2277,
    "statusesCount": 4196,
    "withheldInCountries": [],
    "affiliatesHighlightedLabel": {},
    "possiblySensitive": false,
    "pinnedTweetIds": []
  },
  "id": "1864620020505989170",
  "text": "The @Saudi2034bid is inspiring so many young footballers with the promise of #GrowingTogether and it was a pleasure to meet some of those kids who are dreaming of welcoming the world to Saudi Arabia in 2034. 🏆 https://t.co/UiAdh89Wlg",
  "twitterUrl": "https://twitter.com/Cristiano/status/1864620020505989170"
},
{
  "author": {
    "type": "user",
    "userName": "Cristiano",
    "url": "https://x.com/Cristiano",
    "twitterUrl": "https://twitter.com/Cristiano",
    "id": "155659213",
    "name": "Cristiano Ronaldo",
    "isVerified": false,
    "isBlueVerified": true,
    "profilePicture": "https://pbs.twimg.com/profile_images/1594446880498401282/o4L2z8Ay_normal.jpg",
    "coverPicture": "https://pbs.twimg.com/profile_banners/155659213/1668980773",
    "description": "Welcome to the official Twitter / X page of Cristiano Ronaldo.",
    "location": "",
    "followers": 114050284,
    "following": 70,
    "status": "",
    "canDm": false,
    "canMediaTag": true,
    "createdAt": "Mon Jun 14 19:09:20 +0000 2010",
    "entities": {
      "description": {
        "urls": []
      },
      "url": {
        "urls": [
          {
            "display_url": "cristianoronaldo.com",
            "expanded_url": "https://www.cristianoronaldo.com/",
            "url": "https://t.co/Pc19xaN1Sp",
            "indices": [
              0,
              23
            ]
          }
        ]
      }
    },
    "fastFollowersCount": 0,
    "favouritesCount": 46,
    "hasCustomTimelines": false,
    "isTranslator": false,
    "mediaCount": 2277,
    "statusesCount": 4196,
    "withheldInCountries": [],
    "affiliatesHighlightedLabel": {},
    "possiblySensitive": false,
    "pinnedTweetIds": []
  },
  "id": "1863168470201860453",
  "text": "We are looking for the next master of skills.⚽️🔥 Join the @binance 'Proof of Skill' Challenge and show us what you’ve got! 🚀\n#ProofOfSkills #Binance #CR7 #AD",
  "twitterUrl": "https://twitter.com/Cristiano/status/1863168470201860453"
},
{
  "author": {
    "type": "user",
    "userName": "Cristiano",
    "url": "https://x.com/Cristiano",
    "twitterUrl": "https://twitter.com/Cristiano",
    "id": "155659213",
    "name": "Cristiano Ronaldo",
    "isVerified": false,
    "isBlueVerified": true,
    "profilePicture": "https://pbs.twimg.com/profile_images/1594446880498401282/o4L2z8Ay_normal.jpg",
    "coverPicture": "https://pbs.twimg.com/profile_banners/155659213/1668980773",
    "description": "Welcome to the official Twitter / X page of Cristiano Ronaldo.",
    "location": "",
    "followers": 114050284,
    "following": 70,
    "status": "",
    "canDm": false,
    "canMediaTag": true,
    "createdAt": "Mon Jun 14 19:09:20 +0000 2010",
    "entities": {
      "description": {
        "urls": []
      },
      "url": {
        "urls": [
          {
            "display_url": "cristianoronaldo.com",
            "expanded_url": "https://www.cristianoronaldo.com/",
            "url": "https://t.co/Pc19xaN1Sp",
            "indices": [
              0,
              23
            ]
          }
        ]
      }
    },
    "fastFollowersCount": 0,
    "favouritesCount": 46,
    "hasCustomTimelines": false,
    "isTranslator": false,
    "mediaCount": 2277,
    "statusesCount": 4196,
    "withheldInCountries": [],
    "affiliatesHighlightedLabel": {},
    "possiblySensitive": false,
    "pinnedTweetIds": []
  },
  "id": "1862928802323534160",
  "text": "New video with @MrBeast! Watch it here: https://t.co/lbBtYB9hJM",
  "twitterUrl": "https://twitter.com/Cristiano/status/1862928802323534160"
}]