[{
  "author": {
    "type": "user",
    "userName": "justinbieber",
    "url": "https://x.com/justinbieber",
    "twitterUrl": "https://twitter.com/justinbieber",
    "id": "27260086",
    "name": "Justin Bieber",
    "isVerified": false,
    "isBlueVerified": true,
    "profilePicture": "https://pbs.twimg.com/profile_images/1850031510927413248/4RYGdo6j_normal.jpg",
    "coverPicture": "https://pbs.twimg.com/profile_banners/27260086/1633666270",
    "description": "@skylrk",
    "location": "",
    "followers": 109692501,
    "following": 271117,
    "status": "",
    "canDm": true,
    "canMediaTag": true,
    "createdAt": "Sat Mar 28 16:41:22 +0000 2009",
    "entities": {
      "description": {
        "urls": []
      }
    },
    "fastFollowersCount": 0,
    "favouritesCount": 4483,
    "hasCustomTimelines": false,
    "isTranslator": false,
    "mediaCount": 2777,
    "statusesCount": 31097,
    "withheldInCountries": [],
    "affiliatesHighlightedLabel": {},
    "possiblySensitive": false,
    "pinnedTweetIds": []
  },
  "id": "1598397624750866432",
  "text": "long time coming and excited to finally announce https://t.co/dFc8NBoFs0",
  "twitterUrl": "https://twitter.com/justinbieber/status/1598397624750866432"
},
{
  "author": {
    "type": "user",
    "userName": "justinbieber",
    "url": "https://x.com/justinbieber",
    "twitterUrl": "https://twitter.com/justinbieber",
    "id": "27260086",
    "name": "Justin Bieber",
    "isVerified": false,
    "isBlueVerified": true,
    "profilePicture": "https://pbs.twimg.com/profile_images/1850031510927413248/4RYGdo6j_normal.jpg",
    "coverPicture": "https://pbs.twimg.com/profile_banners/27260086/1633666270",
    "description": "@skylrk",
    "location": "",
    "followers": 109692501,
    "following": 271117,
    "status": "",
    "canDm": true,
    "canMediaTag": true,
    "createdAt": "Sat Mar 28 16:41:22 +0000 2009",
    "entities": {
      "description": {
        "urls": []
      }
    },
    "fastFollowersCount": 0,
    "favouritesCount": 4483,
    "hasCustomTimelines": false,
    "isTranslator": false,
    "mediaCount": 2777,
    "statusesCount": 31097,
    "withheldInCountries": [],
    "affiliatesHighlightedLabel": {},
    "possiblySensitive": false,
    "pinnedTweetIds": []
  },
  "id": "1567320386546589696",
  "text": "https://t.co/qRY7ltRkV0",
  "twitterUrl": "https://twitter.com/justinbieber/status/1567320386546589696"
},
{
  "author": {
    "type": "user",
    "userName": "justinbieber",
    "url": "https://x.com/justinbieber",
    "twitterUrl": "https://twitter.com/justinbieber",
    "id": "27260086",
    "name": "Justin Bieber",
    "isVerified": false,
    "isBlueVerified": true,
    "profilePicture": "https://pbs.twimg.com/profile_images/1850031510927413248/4RYGdo6j_normal.jpg",
    "coverPicture": "https://pbs.twimg.com/profile_banners/27260086/1633666270",
    "description": "@skylrk",
    "location": "",
    "followers": 109692501,
    "following": 271117,
    "status": "",
    "canDm": true,
    "canMediaTag": true,
    "createdAt": "Sat Mar 28 16:41:22 +0000 2009",
    "entities": {
      "description": {
        "urls": []
      }
    },
    "fastFollowersCount": 0,
    "favouritesCount": 4483,
    "hasCustomTimelines": false,
    "isTranslator": false,
    "mediaCount": 2777,
    "statusesCount": 31097,
    "withheldInCountries": [],
    "affiliatesHighlightedLabel": {},
    "possiblySensitive": false,
    "pinnedTweetIds": []
  },
  "id": "1493783548276314115",
  "text": "Go for the Gold, Ladies!!!!!! Cannot wait to watch some of the best hockey ever!!! We are so proud of you! @HockeyCanada",
  "twitterUrl": "https://twitter.com/justinbieber/status/1493783548276314115"
},
{
  "author": {
    "type": "user",
    "userName": "justinbieber",
    "url": "https://x.com/justinbieber",
    "twitterUrl": "https://twitter.com/justinbieber",
    "id": "27260086",
    "name": "Justin Bieber",
    "isVerified": false,
    "isBlueVerified": true,
    "profilePicture": "https://pbs.twimg.com/profile_images/1850031510927413248/4RYGdo6j_normal.jpg",
    "coverPicture": "https://pbs.twimg.com/profile_banners/27260086/1633666270",
    "description": "@skylrk",
    "location": "",
    "followers": 109692501,
    "following": 271117,
    "status": "",
    "canDm": true,
    "canMediaTag": true,
    "createdAt": "Sat Mar 28 16:41:22 +0000 2009",
    "entities": {
      "description": {
        "urls": []
      }
    },
    "fastFollowersCount": 0,
    "favouritesCount": 4483,
    "hasCustomTimelines": false,
    "isTranslator": false,
    "mediaCount": 2777,
    "statusesCount": 31097,
    "withheldInCountries": [],
    "affiliatesHighlightedLabel": {},
    "possiblySensitive": false,
    "pinnedTweetIds": []
  },
  "id": "1470547831434153984",
  "text": "https://t.co/j7EuZcZqnh",
  "twitterUrl": "https://twitter.com/justinbieber/status/1470547831434153984"
},
{
  "author": {
    "type": "user",
    "userName": "justinbieber",
    "url": "https://x.com/justinbieber",
    "twitterUrl": "https://twitter.com/justinbieber",
    "id": "27260086",
    "name": "Justin Bieber",
    "isVerified": false,
    "isBlueVerified": true,
    "profilePicture": "https://pbs.twimg.com/profile_images/1850031510927413248/4RYGdo6j_normal.jpg",
    "coverPicture": "https://pbs.twimg.com/profile_banners/27260086/1633666270",
    "description": "@skylrk",
    "location": "",
    "followers": 109692501,
    "following": 271117,
    "status": "",
    "canDm": true,
    "canMediaTag": true,
    "createdAt": "Sat Mar 28 16:41:22 +0000 2009",
    "entities": {
      "description": {
        "urls": []
      }
    },
    "fastFollowersCount": 0,
    "favouritesCount": 4483,
    "hasCustomTimelines": false,
    "isTranslator": false,
    "mediaCount": 2777,
    "statusesCount": 31097,
    "withheldInCountries": [],
    "affiliatesHighlightedLabel": {},
    "possiblySensitive": false,
    "pinnedTweetIds": []
  },
  "id": "1467954498085789696",
  "text": "“Virgil was here” https://t.co/SbFar4nqu9",
  "twitterUrl": "https://twitter.com/justinbieber/status/1467954498085789696"
},
{
  "author": {
    "type": "user",
    "userName": "justinbieber",
    "url": "https://x.com/justinbieber",
    "twitterUrl": "https://twitter.com/justinbieber",
    "id": "27260086",
    "name": "Justin Bieber",
    "isVerified": false,
    "isBlueVerified": true,
    "profilePicture": "https://pbs.twimg.com/profile_images/1850031510927413248/4RYGdo6j_normal.jpg",
    "coverPicture": "https://pbs.twimg.com/profile_banners/27260086/1633666270",
    "description": "@skylrk",
    "location": "",
    "followers": 109692501,
    "following": 271117,
    "status": "",
    "canDm": true,
    "canMediaTag": true,
    "createdAt": "Sat Mar 28 16:41:22 +0000 2009",
    "entities": {
      "description": {
        "urls": []
      }
    },
    "fastFollowersCount": 0,
    "favouritesCount": 4483,
    "hasCustomTimelines": false,
    "isTranslator": false,
    "mediaCount": 2777,
    "statusesCount": 31097,
    "withheldInCountries": [],
    "affiliatesHighlightedLabel": {},
    "possiblySensitive": false,
    "pinnedTweetIds": []
  },
  "id": "1467939930525548553",
  "text": "✨ @jaden https://t.co/oElpGUJB76",
  "twitterUrl": "https://twitter.com/justinbieber/status/1467939930525548553"
},
{
  "author": {
    "type": "user",
    "userName": "justinbieber",
    "url": "https://x.com/justinbieber",
    "twitterUrl": "https://twitter.com/justinbieber",
    "id": "27260086",
    "name": "Justin Bieber",
    "isVerified": false,
    "isBlueVerified": true,
    "profilePicture": "https://pbs.twimg.com/profile_images/1850031510927413248/4RYGdo6j_normal.jpg",
    "coverPicture": "https://pbs.twimg.com/profile_banners/27260086/1633666270",
    "description": "@skylrk",
    "location": "",
    "followers": 109692501,
    "following": 271117,
    "status": "",
    "canDm": true,
    "canMediaTag": true,
    "createdAt": "Sat Mar 28 16:41:22 +0000 2009",
    "entities": {
      "description": {
        "urls": []
      }
    },
    "fastFollowersCount": 0,
    "favouritesCount": 4483,
    "hasCustomTimelines": false,
    "isTranslator": false,
    "mediaCount": 2777,
    "statusesCount": 31097,
    "withheldInCountries": [],
    "affiliatesHighlightedLabel": {},
    "possiblySensitive": false,
    "pinnedTweetIds": []
  },
  "id": "1467938615225368588",
  "text": "🐻 @drewhouse https://t.co/NStXwvWiDb",
  "twitterUrl": "https://twitter.com/justinbieber/status/1467938615225368588"
},
{
  "author": {
    "type": "user",
    "userName": "justinbieber",
    "url": "https://x.com/justinbieber",
    "twitterUrl": "https://twitter.com/justinbieber",
    "id": "27260086",
    "name": "Justin Bieber",
    "isVerified": false,
    "isBlueVerified": true,
    "profilePicture": "https://pbs.twimg.com/profile_images/1850031510927413248/4RYGdo6j_normal.jpg",
    "coverPicture": "https://pbs.twimg.com/profile_banners/27260086/1633666270",
    "description": "@skylrk",
    "location": "",
    "followers": 109692501,
    "following": 271117,
    "status": "",
    "canDm": true,
    "canMediaTag": true,
    "createdAt": "Sat Mar 28 16:41:22 +0000 2009",
    "entities": {
      "description": {
        "urls": []
      }
    },
    "fastFollowersCount": 0,
    "favouritesCount": 4483,
    "hasCustomTimelines": false,
    "isTranslator": false,
    "mediaCount": 2777,
    "statusesCount": 31097,
    "withheldInCountries": [],
    "affiliatesHighlightedLabel": {},
    "possiblySensitive": false,
    "pinnedTweetIds": []
  },
  "id": "1467177867377315840",
  "text": "Watch me perform at The 23rd Annual A Home for the Holidays at @thegrovela this Sunday at 9:30PM ET/9:00PM PT on @CBS  #Home4Holidays https://t.co/uuudLUW0z8",
  "twitterUrl": "https://twitter.com/justinbieber/status/1467177867377315840"
},
{
  "author": {
    "type": "user",
    "userName": "justinbieber",
    "url": "https://x.com/justinbieber",
    "twitterUrl": "https://twitter.com/justinbieber",
    "id": "27260086",
    "name": "Justin Bieber",
    "isVerified": false,
    "isBlueVerified": true,
    "profilePicture": "https://pbs.twimg.com/profile_images/1850031510927413248/4RYGdo6j_normal.jpg",
    "coverPicture": "https://pbs.twimg.com/profile_banners/27260086/1633666270",
    "description": "@skylrk",
    "location": "",
    "followers": 109692501,
    "following": 271117,
    "status": "",
    "canDm": true,
    "canMediaTag": true,
    "createdAt": "Sat Mar 28 16:41:22 +0000 2009",
    "entities": {
      "description": {
        "urls": []
      }
    },
    "fastFollowersCount": 0,
    "favouritesCount": 4483,
    "hasCustomTimelines": false,
    "isTranslator": false,
    "mediaCount": 2777,
    "statusesCount": 31097,
    "withheldInCountries": [],
    "affiliatesHighlightedLabel": {},
    "possiblySensitive": false,
    "pinnedTweetIds": []
  },
  "id": "1466809493774376976",
  "text": "Wandered to LA OUT NOW! @JuiceWorlddd  https://t.co/TNHIAhZZYv",
  "twitterUrl": "https://twitter.com/justinbieber/status/1466809493774376976"
}]