[{
  "author": {
    "type": "user",
    "userName": "katyperry",
    "url": "https://x.com/katyperry",
    "twitterUrl": "https://twitter.com/katyperry",
    "id": "21447363",
    "name": "KATY PERRY",
    "isVerified": false,
    "isBlueVerified": true,
    "profilePicture": "https://pbs.twimg.com/profile_images/1811075815997898753/C7JVtiGj_normal.jpg",
    "coverPicture": "https://pbs.twimg.com/profile_banners/21447363/1726804882",
    "description": "143 OUT NOW!",
    "location": "",
    "followers": 105588768,
    "following": 240,
    "status": "",
    "canDm": false,
    "canMediaTag": true,
    "createdAt": "Fri Feb 20 23:45:56 +0000 2009",
    "entities": {
      "description": {
        "urls": []
      },
      "url": {
        "urls": [
          {
            "display_url": "katy.to/143",
            "expanded_url": "http://katy.to/143",
            "url": "https://t.co/yBGa6kKWnC",
            "indices": [
              0,
              23
            ]
          }
        ]
      }
    },
    "fastFollowersCount": 0,
    "favouritesCount": 8026,
    "hasCustomTimelines": true,
    "isTranslator": false,
    "mediaCount": 2695,
    "statusesCount": 12141,
    "withheldInCountries": [],
    "affiliatesHighlightedLabel": {},
    "possiblySensitive": false,
    "pinnedTweetIds": [
      "1837004611455942921"
    ]
  },
  "id": "1867208452831133941",
  "text": "Paris je t'aime et tu m'aimes tellement alors on t'a donné un autre spectacle ! Bisous 🫦🥀 https://t.co/GpC2wZDcqX",
  "twitterUrl": "https://twitter.com/katyperry/status/1867208452831133941"
},
{
  "author": {
    "type": "user",
    "userName": "katyperry",
    "url": "https://x.com/katyperry",
    "twitterUrl": "https://twitter.com/katyperry",
    "id": "21447363",
    "name": "KATY PERRY",
    "isVerified": false,
    "isBlueVerified": true,
    "profilePicture": "https://pbs.twimg.com/profile_images/1811075815997898753/C7JVtiGj_normal.jpg",
    "coverPicture": "https://pbs.twimg.com/profile_banners/21447363/1726804882",
    "description": "143 OUT NOW!",
    "location": "",
    "followers": 105588768,
    "following": 240,
    "status": "",
    "canDm": false,
    "canMediaTag": true,
    "createdAt": "Fri Feb 20 23:45:56 +0000 2009",
    "entities": {
      "description": {
        "urls": []
      },
      "url": {
        "urls": [
          {
            "display_url": "katy.to/143",
            "expanded_url": "http://katy.to/143",
            "url": "https://t.co/yBGa6kKWnC",
            "indices": [
              0,
              23
            ]
          }
        ]
      }
    },
    "fastFollowersCount": 0,
    "favouritesCount": 8026,
    "hasCustomTimelines": true,
    "isTranslator": false,
    "mediaCount": 2695,
    "statusesCount": 12141,
    "withheldInCountries": [],
    "affiliatesHighlightedLabel": {},
    "possiblySensitive": false,
    "pinnedTweetIds": [
      "1837004611455942921"
    ]
  },
  "id": "1866046435805765830",
  "text": "THE LIFETIMES TOUR\nEUROPE ♥️\n\nGet ticket info at https://t.co/VoZK5zdbbA https://t.co/RIbJUz2kEK",
  "twitterUrl": "https://twitter.com/katyperry/status/1866046435805765830"
},
{
  "author": {
    "type": "user",
    "userName": "katyperry",
    "url": "https://x.com/katyperry",
    "twitterUrl": "https://twitter.com/katyperry",
    "id": "21447363",
    "name": "KATY PERRY",
    "isVerified": false,
    "isBlueVerified": true,
    "profilePicture": "https://pbs.twimg.com/profile_images/1811075815997898753/C7JVtiGj_normal.jpg",
    "coverPicture": "https://pbs.twimg.com/profile_banners/21447363/1726804882",
    "description": "143 OUT NOW!",
    "location": "",
    "followers": 105588768,
    "following": 240,
    "status": "",
    "canDm": false,
    "canMediaTag": true,
    "createdAt": "Fri Feb 20 23:45:56 +0000 2009",
    "entities": {
      "description": {
        "urls": []
      },
      "url": {
        "urls": [
          {
            "display_url": "katy.to/143",
            "expanded_url": "http://katy.to/143",
            "url": "https://t.co/yBGa6kKWnC",
            "indices": [
              0,
              23
            ]
          }
        ]
      }
    },
    "fastFollowersCount": 0,
    "favouritesCount": 8026,
    "hasCustomTimelines": true,
    "isTranslator": false,
    "mediaCount": 2695,
    "statusesCount": 12141,
    "withheldInCountries": [],
    "affiliatesHighlightedLabel": {},
    "possiblySensitive": false,
    "pinnedTweetIds": [
      "1837004611455942921"
    ]
  },
  "id": "1862652143666438426",
  "text": "So blown away by this incredible body of work by @cynthialovely. It’s a brilliant commentary on girlhood, being a transplant in LA, coming of age, heartbreak, finding love… her songwriting is A+, her perspective is fresh, vulnerable, and feels like ur having a 1 on 1 convo w/ her💞\n\nhttps://t.co/jArZjiTlwz",
  "twitterUrl": "https://twitter.com/katyperry/status/1862652143666438426"
},
{
  "author": {
    "type": "user",
    "userName": "katyperry",
    "url": "https://x.com/katyperry",
    "twitterUrl": "https://twitter.com/katyperry",
    "id": "21447363",
    "name": "KATY PERRY",
    "isVerified": false,
    "isBlueVerified": true,
    "profilePicture": "https://pbs.twimg.com/profile_images/1811075815997898753/C7JVtiGj_normal.jpg",
    "coverPicture": "https://pbs.twimg.com/profile_banners/21447363/1726804882",
    "description": "143 OUT NOW!",
    "location": "",
    "followers": 105588768,
    "following": 240,
    "status": "",
    "canDm": false,
    "canMediaTag": true,
    "createdAt": "Fri Feb 20 23:45:56 +0000 2009",
    "entities": {
      "description": {
        "urls": []
      },
      "url": {
        "urls": [
          {
            "display_url": "katy.to/143",
            "expanded_url": "http://katy.to/143",
            "url": "https://t.co/yBGa6kKWnC",
            "indices": [
              0,
              23
            ]
          }
        ]
      }
    },
    "fastFollowersCount": 0,
    "favouritesCount": 8026,
    "hasCustomTimelines": true,
    "isTranslator": false,
    "mediaCount": 2695,
    "statusesCount": 12141,
    "withheldInCountries": [],
    "affiliatesHighlightedLabel": {},
    "possiblySensitive": false,
    "pinnedTweetIds": [
      "1837004611455942921"
    ]
  },
  "id": "1862514827710931331",
  "text": "CANADA + ARGENTINA\n🇨🇦🇦🇷\n\nTICKETS TO YOUR LIFETIMES TOUR SHOWS ARE ON SALE TODAY‼️\n\nhttps://t.co/VoZK5zdJ18 https://t.co/ZGGug70q6X",
  "twitterUrl": "https://twitter.com/katyperry/status/1862514827710931331"
},
{
  "author": {
    "type": "user",
    "userName": "katyperry",
    "url": "https://x.com/katyperry",
    "twitterUrl": "https://twitter.com/katyperry",
    "id": "21447363",
    "name": "KATY PERRY",
    "isVerified": false,
    "isBlueVerified": true,
    "profilePicture": "https://pbs.twimg.com/profile_images/1811075815997898753/C7JVtiGj_normal.jpg",
    "coverPicture": "https://pbs.twimg.com/profile_banners/21447363/1726804882",
    "description": "143 OUT NOW!",
    "location": "",
    "followers": 105588768,
    "following": 240,
    "status": "",
    "canDm": false,
    "canMediaTag": true,
    "createdAt": "Fri Feb 20 23:45:56 +0000 2009",
    "entities": {
      "description": {
        "urls": []
      },
      "url": {
        "urls": [
          {
            "display_url": "katy.to/143",
            "expanded_url": "http://katy.to/143",
            "url": "https://t.co/yBGa6kKWnC",
            "indices": [
              0,
              23
            ]
          }
        ]
      }
    },
    "fastFollowersCount": 0,
    "favouritesCount": 8026,
    "hasCustomTimelines": true,
    "isTranslator": false,
    "mediaCount": 2695,
    "statusesCount": 12141,
    "withheldInCountries": [],
    "affiliatesHighlightedLabel": {},
    "possiblySensitive": false,
    "pinnedTweetIds": [
      "1837004611455942921"
    ]
  },
  "id": "1861065581090480623",
  "text": "Where is THE LIFETIMES TOUR announcing next⁉️\n\nCANADA (clearly) 🇨🇦\n\nPRESALE begins NOV 27th 🍁♥️ https://t.co/FLppL32vTm",
  "twitterUrl": "https://twitter.com/katyperry/status/1861065581090480623"
},
{
  "author": {
    "type": "user",
    "userName": "katyperry",
    "url": "https://x.com/katyperry",
    "twitterUrl": "https://twitter.com/katyperry",
    "id": "21447363",
    "name": "KATY PERRY",
    "isVerified": false,
    "isBlueVerified": true,
    "profilePicture": "https://pbs.twimg.com/profile_images/1811075815997898753/C7JVtiGj_normal.jpg",
    "coverPicture": "https://pbs.twimg.com/profile_banners/21447363/1726804882",
    "description": "143 OUT NOW!",
    "location": "",
    "followers": 105588768,
    "following": 240,
    "status": "",
    "canDm": false,
    "canMediaTag": true,
    "createdAt": "Fri Feb 20 23:45:56 +0000 2009",
    "entities": {
      "description": {
        "urls": []
      },
      "url": {
        "urls": [
          {
            "display_url": "katy.to/143",
            "expanded_url": "http://katy.to/143",
            "url": "https://t.co/yBGa6kKWnC",
            "indices": [
              0,
              23
            ]
          }
        ]
      }
    },
    "fastFollowersCount": 0,
    "favouritesCount": 8026,
    "hasCustomTimelines": true,
    "isTranslator": false,
    "mediaCount": 2695,
    "statusesCount": 12141,
    "withheldInCountries": [],
    "affiliatesHighlightedLabel": {},
    "possiblySensitive": false,
    "pinnedTweetIds": [
      "1837004611455942921"
    ]
  },
  "id": "1859900779823534439",
  "text": "From Water Rats to Windsor, it’s been a lifetime of love in the UK \n♥️🇬🇧🏴󠁧󠁢󠁥󠁮󠁧󠁿🏴󠁧󠁢󠁳󠁣󠁴󠁿♥️\n\nTHE LIFETIMES UK TOUR IS ON SALE NOW!! \n\nhttps://t.co/VoZK5zdJ18 https://t.co/kWJbGCVHnQ",
  "twitterUrl": "https://twitter.com/katyperry/status/1859900779823534439"
},
{
  "author": {
    "type": "user",
    "userName": "katyperry",
    "url": "https://x.com/katyperry",
    "twitterUrl": "https://twitter.com/katyperry",
    "id": "21447363",
    "name": "KATY PERRY",
    "isVerified": false,
    "isBlueVerified": true,
    "profilePicture": "https://pbs.twimg.com/profile_images/1811075815997898753/C7JVtiGj_normal.jpg",
    "coverPicture": "https://pbs.twimg.com/profile_banners/21447363/1726804882",
    "description": "143 OUT NOW!",
    "location": "",
    "followers": 105588768,
    "following": 240,
    "status": "",
    "canDm": false,
    "canMediaTag": true,
    "createdAt": "Fri Feb 20 23:45:56 +0000 2009",
    "entities": {
      "description": {
        "urls": []
      },
      "url": {
        "urls": [
          {
            "display_url": "katy.to/143",
            "expanded_url": "http://katy.to/143",
            "url": "https://t.co/yBGa6kKWnC",
            "indices": [
              0,
              23
            ]
          }
        ]
      }
    },
    "fastFollowersCount": 0,
    "favouritesCount": 8026,
    "hasCustomTimelines": true,
    "isTranslator": false,
    "mediaCount": 2695,
    "statusesCount": 12141,
    "withheldInCountries": [],
    "affiliatesHighlightedLabel": {},
    "possiblySensitive": false,
    "pinnedTweetIds": [
      "1837004611455942921"
    ]
  },
  "id": "1859453219719832035",
  "text": "just\nwatch\nidiocracy \nthe \nmovie\nthat’s\nall",
  "twitterUrl": "https://twitter.com/katyperry/status/1859453219719832035"
},
{
  "author": {
    "type": "user",
    "userName": "katyperry",
    "url": "https://x.com/katyperry",
    "twitterUrl": "https://twitter.com/katyperry",
    "id": "21447363",
    "name": "KATY PERRY",
    "isVerified": false,
    "isBlueVerified": true,
    "profilePicture": "https://pbs.twimg.com/profile_images/1811075815997898753/C7JVtiGj_normal.jpg",
    "coverPicture": "https://pbs.twimg.com/profile_banners/21447363/1726804882",
    "description": "143 OUT NOW!",
    "location": "",
    "followers": 105588768,
    "following": 240,
    "status": "",
    "canDm": false,
    "canMediaTag": true,
    "createdAt": "Fri Feb 20 23:45:56 +0000 2009",
    "entities": {
      "description": {
        "urls": []
      },
      "url": {
        "urls": [
          {
            "display_url": "katy.to/143",
            "expanded_url": "http://katy.to/143",
            "url": "https://t.co/yBGa6kKWnC",
            "indices": [
              0,
              23
            ]
          }
        ]
      }
    },
    "fastFollowersCount": 0,
    "favouritesCount": 8026,
    "hasCustomTimelines": true,
    "isTranslator": false,
    "mediaCount": 2695,
    "statusesCount": 12141,
    "withheldInCountries": [],
    "affiliatesHighlightedLabel": {},
    "possiblySensitive": false,
    "pinnedTweetIds": [
      "1837004611455942921"
    ]
  },
  "id": "1858438573537775753",
  "text": "THE LIFETIMES TOUR\nUK 🇬🇧🏴󠁧󠁢󠁥󠁮󠁧󠁿🏴󠁧󠁢󠁳󠁣󠁴󠁿\nOctober 2025\n\nPresale Tickets ➡️ 20 Nov\nGeneral Onsale ➡️ 22 Nov\n\nhttps://t.co/VoZK5zdJ18\n\nxx https://t.co/ajzugBQdWh",
  "twitterUrl": "https://twitter.com/katyperry/status/1858438573537775753"
}]