[{
  "author": {
    "type": "user",
    "userName": "ladygaga",
    "url": "https://x.com/ladygaga",
    "twitterUrl": "https://twitter.com/ladygaga",
    "id": "14230524",
    "name": "Lady Gaga",
    "isVerified": false,
    "isBlueVerified": true,
    "profilePicture": "https://pbs.twimg.com/profile_images/1849662352146194432/FwE40uuB_normal.jpg",
    "coverPicture": "https://pbs.twimg.com/profile_banners/14230524/1729829036",
    "description": "DISEASE OUT NOW | HARLEQUIN 🛟 OUT NOW | DIE WITH A SMILE ❤️‍🔥 @brunomars | JOKER: FOLIE À DEUX 🃏 @jokermovie",
    "location": "",
    "followers": 82549426,
    "following": 110804,
    "status": "",
    "canDm": false,
    "canMediaTag": true,
    "createdAt": "Wed Mar 26 22:37:48 +0000 2008",
    "entities": {
      "description": {
        "urls": []
      },
      "url": {
        "urls": [
          {
            "display_url": "LadyGaga.lnk.to/Disease",
            "expanded_url": "http://LadyGaga.lnk.to/Disease",
            "url": "https://t.co/srMEzI9CGc",
            "indices": [
              0,
              23
            ]
          }
        ]
      }
    },
    "fastFollowersCount": 0,
    "favouritesCount": 2890,
    "hasCustomTimelines": true,
    "isTranslator": false,
    "mediaCount": 2080,
    "statusesCount": 10024,
    "withheldInCountries": [],
    "affiliatesHighlightedLabel": {},
    "possiblySensitive": false,
    "pinnedTweetIds": [
      "1849662591318065325"
    ]
  },
  "text": "Die With A Smile is officially the FASTEST SONG in HISTORY to reach 1 BILLION STREAMS on Spotify. 😭 I will completely cherish this moment 🙌🙌💘💘 I'm so grateful to monsters and hooligans and so many people all over the world who fell in love with our song I feel so lucky https://t.co/yVM9pisutK",
  "id": "1859415532530770069",
  "twitterUrl": "https://twitter.com/ladygaga/status/1859415532530770069"
},
{
  "author": {
    "type": "user",
    "userName": "ladygaga",
    "url": "https://x.com/ladygaga",
    "twitterUrl": "https://twitter.com/ladygaga",
    "id": "14230524",
    "name": "Lady Gaga",
    "isVerified": false,
    "isBlueVerified": true,
    "profilePicture": "https://pbs.twimg.com/profile_images/1849662352146194432/FwE40uuB_normal.jpg",
    "coverPicture": "https://pbs.twimg.com/profile_banners/14230524/1729829036",
    "description": "DISEASE OUT NOW | HARLEQUIN 🛟 OUT NOW | DIE WITH A SMILE ❤️‍🔥 @brunomars | JOKER: FOLIE À DEUX 🃏 @jokermovie",
    "location": "",
    "followers": 82549426,
    "following": 110804,
    "status": "",
    "canDm": false,
    "canMediaTag": true,
    "createdAt": "Wed Mar 26 22:37:48 +0000 2008",
    "entities": {
      "description": {
        "urls": []
      },
      "url": {
        "urls": [
          {
            "display_url": "LadyGaga.lnk.to/Disease",
            "expanded_url": "http://LadyGaga.lnk.to/Disease",
            "url": "https://t.co/srMEzI9CGc",
            "indices": [
              0,
              23
            ]
          }
        ]
      }
    },
    "fastFollowersCount": 0,
    "favouritesCount": 2890,
    "hasCustomTimelines": true,
    "isTranslator": false,
    "mediaCount": 2080,
    "statusesCount": 10024,
    "withheldInCountries": [],
    "affiliatesHighlightedLabel": {},
    "possiblySensitive": false,
    "pinnedTweetIds": [
      "1849662591318065325"
    ]
  },
  "text": "I have long dreamed of throwing a massive night of chaos in the desert. I’ve had a vision I’ve never been able to fully realize at Coachella for reasons beyond our control but I wanted to come through for music fans. I have been wanting to go back and to do it right, and I am. I'm headlining and starting the weekend off at Coachella. Can’t wait to hear you all singalong and dance dance DANCE till we drop. 🖤🔥",
  "id": "1859378608977924293",
  "twitterUrl": "https://twitter.com/ladygaga/status/1859378608977924293"
},
{
  "author": {
    "type": "user",
    "userName": "ladygaga",
    "url": "https://x.com/ladygaga",
    "twitterUrl": "https://twitter.com/ladygaga",
    "id": "14230524",
    "name": "Lady Gaga",
    "isVerified": false,
    "isBlueVerified": true,
    "profilePicture": "https://pbs.twimg.com/profile_images/1849662352146194432/FwE40uuB_normal.jpg",
    "coverPicture": "https://pbs.twimg.com/profile_banners/14230524/1729829036",
    "description": "DISEASE OUT NOW | HARLEQUIN 🛟 OUT NOW | DIE WITH A SMILE ❤️‍🔥 @brunomars | JOKER: FOLIE À DEUX 🃏 @jokermovie",
    "location": "",
    "followers": 82549426,
    "following": 110804,
    "status": "",
    "canDm": false,
    "canMediaTag": true,
    "createdAt": "Wed Mar 26 22:37:48 +0000 2008",
    "entities": {
      "description": {
        "urls": []
      },
      "url": {
        "urls": [
          {
            "display_url": "LadyGaga.lnk.to/Disease",
            "expanded_url": "http://LadyGaga.lnk.to/Disease",
            "url": "https://t.co/srMEzI9CGc",
            "indices": [
              0,
              23
            ]
          }
        ]
      }
    },
    "fastFollowersCount": 0,
    "favouritesCount": 2890,
    "hasCustomTimelines": true,
    "isTranslator": false,
    "mediaCount": 2080,
    "statusesCount": 10024,
    "withheldInCountries": [],
    "affiliatesHighlightedLabel": {},
    "possiblySensitive": false,
    "pinnedTweetIds": [
      "1849662591318065325"
    ]
  },
  "text": "Disease (The Poison Live)\nAvailable everywhere now\nhttps://t.co/poB2vUQqfD https://t.co/sG5q10rlAA",
  "id": "1859281239695294522",
  "twitterUrl": "https://twitter.com/ladygaga/status/1859281239695294522"
},
{
  "author": {
    "type": "user",
    "userName": "ladygaga",
    "url": "https://x.com/ladygaga",
    "twitterUrl": "https://twitter.com/ladygaga",
    "id": "14230524",
    "name": "Lady Gaga",
    "isVerified": false,
    "isBlueVerified": true,
    "profilePicture": "https://pbs.twimg.com/profile_images/1849662352146194432/FwE40uuB_normal.jpg",
    "coverPicture": "https://pbs.twimg.com/profile_banners/14230524/1729829036",
    "description": "DISEASE OUT NOW | HARLEQUIN 🛟 OUT NOW | DIE WITH A SMILE ❤️‍🔥 @brunomars | JOKER: FOLIE À DEUX 🃏 @jokermovie",
    "location": "",
    "followers": 82549426,
    "following": 110804,
    "status": "",
    "canDm": false,
    "canMediaTag": true,
    "createdAt": "Wed Mar 26 22:37:48 +0000 2008",
    "entities": {
      "description": {
        "urls": []
      },
      "url": {
        "urls": [
          {
            "display_url": "LadyGaga.lnk.to/Disease",
            "expanded_url": "http://LadyGaga.lnk.to/Disease",
            "url": "https://t.co/srMEzI9CGc",
            "indices": [
              0,
              23
            ]
          }
        ]
      }
    },
    "fastFollowersCount": 0,
    "favouritesCount": 2890,
    "hasCustomTimelines": true,
    "isTranslator": false,
    "mediaCount": 2080,
    "statusesCount": 10024,
    "withheldInCountries": [],
    "affiliatesHighlightedLabel": {},
    "possiblySensitive": false,
    "pinnedTweetIds": [
      "1849662591318065325"
    ]
  },
  "text": "Disease (The Poison Live) \nVideo and song out tomorrow at 9AM PT\nhttps://t.co/atoP6ps5le https://t.co/jlLuBe1zhG",
  "id": "1859046652025143799",
  "twitterUrl": "https://twitter.com/ladygaga/status/1859046652025143799"
},
{
  "author": {
    "type": "user",
    "userName": "ladygaga",
    "url": "https://x.com/ladygaga",
    "twitterUrl": "https://twitter.com/ladygaga",
    "id": "14230524",
    "name": "Lady Gaga",
    "isVerified": false,
    "isBlueVerified": true,
    "profilePicture": "https://pbs.twimg.com/profile_images/1849662352146194432/FwE40uuB_normal.jpg",
    "coverPicture": "https://pbs.twimg.com/profile_banners/14230524/1729829036",
    "description": "DISEASE OUT NOW | HARLEQUIN 🛟 OUT NOW | DIE WITH A SMILE ❤️‍🔥 @brunomars | JOKER: FOLIE À DEUX 🃏 @jokermovie",
    "location": "",
    "followers": 82549426,
    "following": 110804,
    "status": "",
    "canDm": false,
    "canMediaTag": true,
    "createdAt": "Wed Mar 26 22:37:48 +0000 2008",
    "entities": {
      "description": {
        "urls": []
      },
      "url": {
        "urls": [
          {
            "display_url": "LadyGaga.lnk.to/Disease",
            "expanded_url": "http://LadyGaga.lnk.to/Disease",
            "url": "https://t.co/srMEzI9CGc",
            "indices": [
              0,
              23
            ]
          }
        ]
      }
    },
    "fastFollowersCount": 0,
    "favouritesCount": 2890,
    "hasCustomTimelines": true,
    "isTranslator": false,
    "mediaCount": 2080,
    "statusesCount": 10024,
    "withheldInCountries": [],
    "affiliatesHighlightedLabel": {},
    "possiblySensitive": false,
    "pinnedTweetIds": [
      "1849662591318065325"
    ]
  },
  "text": "Disease (The Antidote Live)\nAvailable everywhere now\nhttps://t.co/cJ6MfZaO97 https://t.co/hPQl21Ec9u",
  "id": "1856744600716939607",
  "twitterUrl": "https://twitter.com/ladygaga/status/1856744600716939607"
},
{
  "author": {
    "type": "user",
    "userName": "ladygaga",
    "url": "https://x.com/ladygaga",
    "twitterUrl": "https://twitter.com/ladygaga",
    "id": "14230524",
    "name": "Lady Gaga",
    "isVerified": false,
    "isBlueVerified": true,
    "profilePicture": "https://pbs.twimg.com/profile_images/1849662352146194432/FwE40uuB_normal.jpg",
    "coverPicture": "https://pbs.twimg.com/profile_banners/14230524/1729829036",
    "description": "DISEASE OUT NOW | HARLEQUIN 🛟 OUT NOW | DIE WITH A SMILE ❤️‍🔥 @brunomars | JOKER: FOLIE À DEUX 🃏 @jokermovie",
    "location": "",
    "followers": 82549426,
    "following": 110804,
    "status": "",
    "canDm": false,
    "canMediaTag": true,
    "createdAt": "Wed Mar 26 22:37:48 +0000 2008",
    "entities": {
      "description": {
        "urls": []
      },
      "url": {
        "urls": [
          {
            "display_url": "LadyGaga.lnk.to/Disease",
            "expanded_url": "http://LadyGaga.lnk.to/Disease",
            "url": "https://t.co/srMEzI9CGc",
            "indices": [
              0,
              23
            ]
          }
        ]
      }
    },
    "fastFollowersCount": 0,
    "favouritesCount": 2890,
    "hasCustomTimelines": true,
    "isTranslator": false,
    "mediaCount": 2080,
    "statusesCount": 10024,
    "withheldInCountries": [],
    "affiliatesHighlightedLabel": {},
    "possiblySensitive": false,
    "pinnedTweetIds": [
      "1849662591318065325"
    ]
  },
  "text": "Disease (The Antidote Live)\nVideo and song out tomorrow at 9AM PT\nhttps://t.co/vE28xiUwzg https://t.co/AZYfpbHfR9",
  "id": "1856555328890122658",
  "twitterUrl": "https://twitter.com/ladygaga/status/1856555328890122658"
},
{
  "author": {
    "type": "user",
    "userName": "ladygaga",
    "url": "https://x.com/ladygaga",
    "twitterUrl": "https://twitter.com/ladygaga",
    "id": "14230524",
    "name": "Lady Gaga",
    "isVerified": false,
    "isBlueVerified": true,
    "profilePicture": "https://pbs.twimg.com/profile_images/1849662352146194432/FwE40uuB_normal.jpg",
    "coverPicture": "https://pbs.twimg.com/profile_banners/14230524/1729829036",
    "description": "DISEASE OUT NOW | HARLEQUIN 🛟 OUT NOW | DIE WITH A SMILE ❤️‍🔥 @brunomars | JOKER: FOLIE À DEUX 🃏 @jokermovie",
    "location": "",
    "followers": 82549426,
    "following": 110804,
    "status": "",
    "canDm": false,
    "canMediaTag": true,
    "createdAt": "Wed Mar 26 22:37:48 +0000 2008",
    "entities": {
      "description": {
        "urls": []
      },
      "url": {
        "urls": [
          {
            "display_url": "LadyGaga.lnk.to/Disease",
            "expanded_url": "http://LadyGaga.lnk.to/Disease",
            "url": "https://t.co/srMEzI9CGc",
            "indices": [
              0,
              23
            ]
          }
        ]
      }
    },
    "fastFollowersCount": 0,
    "favouritesCount": 2890,
    "hasCustomTimelines": true,
    "isTranslator": false,
    "mediaCount": 2080,
    "statusesCount": 10024,
    "withheldInCountries": [],
    "affiliatesHighlightedLabel": {},
    "possiblySensitive": false,
    "pinnedTweetIds": [
      "1849662591318065325"
    ]
  },
  "text": "Tune in now 💙\nhttps://t.co/hbShfP974E",
  "id": "1853646088642687081",
  "twitterUrl": "https://twitter.com/ladygaga/status/1853646088642687081"
},
{
  "author": {
    "type": "user",
    "userName": "ladygaga",
    "url": "https://x.com/ladygaga",
    "twitterUrl": "https://twitter.com/ladygaga",
    "id": "14230524",
    "name": "Lady Gaga",
    "isVerified": false,
    "isBlueVerified": true,
    "profilePicture": "https://pbs.twimg.com/profile_images/1849662352146194432/FwE40uuB_normal.jpg",
    "coverPicture": "https://pbs.twimg.com/profile_banners/14230524/1729829036",
    "description": "DISEASE OUT NOW | HARLEQUIN 🛟 OUT NOW | DIE WITH A SMILE ❤️‍🔥 @brunomars | JOKER: FOLIE À DEUX 🃏 @jokermovie",
    "location": "",
    "followers": 82549426,
    "following": 110804,
    "status": "",
    "canDm": false,
    "canMediaTag": true,
    "createdAt": "Wed Mar 26 22:37:48 +0000 2008",
    "entities": {
      "description": {
        "urls": []
      },
      "url": {
        "urls": [
          {
            "display_url": "LadyGaga.lnk.to/Disease",
            "expanded_url": "http://LadyGaga.lnk.to/Disease",
            "url": "https://t.co/srMEzI9CGc",
            "indices": [
              0,
              23
            ]
          }
        ]
      }
    },
    "fastFollowersCount": 0,
    "favouritesCount": 2890,
    "hasCustomTimelines": true,
    "isTranslator": false,
    "mediaCount": 2080,
    "statusesCount": 10024,
    "withheldInCountries": [],
    "affiliatesHighlightedLabel": {},
    "possiblySensitive": false,
    "pinnedTweetIds": [
      "1849662591318065325"
    ]
  },
  "text": "LIKE A GOD WITHOUT A PRAYER https://t.co/cypy81xlUc https://t.co/zUteQsf3DV",
  "id": "1852018292719808768",
  "twitterUrl": "https://twitter.com/ladygaga/status/1852018292719808768"
}]