[{
  "author": {
    "type": "user",
    "userName": "MariahCarey",
    "url": "https://x.com/MariahCarey",
    "twitterUrl": "https://twitter.com/MariahCarey",
    "id": "19248106",
    "name": "Mariah Carey",
    "isVerified": false,
    "isBlueVerified": true,
    "profilePicture": "https://pbs.twimg.com/profile_images/1863353464408977408/-RaJIdHF_normal.jpg",
    "coverPicture": "https://pbs.twimg.com/profile_banners/19248106/1673216869",
    "description": "Mimi 🦋✨",
    "location": "Citizen of the World Dahhhling",
    "followers": 21311703,
    "following": 177,
    "status": "",
    "canDm": false,
    "canMediaTag": false,
    "createdAt": "Tue Jan 20 18:08:51 +0000 2009",
    "entities": {
      "description": {
        "urls": []
      },
      "url": {
        "urls": [
          {
            "display_url": "mariahcarey.com",
            "expanded_url": "http://mariahcarey.com",
            "url": "https://t.co/iZvyjYto7X",
            "indices": [
              0,
              23
            ]
          }
        ]
      }
    },
    "fastFollowersCount": 0,
    "favouritesCount": 5796,
    "hasCustomTimelines": true,
    "isTranslator": false,
    "mediaCount": 2932,
    "statusesCount": 11408,
    "withheldInCountries": [],
    "affiliatesHighlightedLabel": {},
    "possiblySensitive": false,
    "pinnedTweetIds": []
  },
  "id": "1866953162504146963",
  "text": "Pittsburgh, I am sorry to say, I’ve come down with the flu. It breaks my heart that I unfortunately have to cancel tonight’s show. I love you all so much.",
  "twitterUrl": "https://twitter.com/MariahCarey/status/1866953162504146963"
},
{
  "author": {
    "type": "user",
    "userName": "MariahCarey",
    "url": "https://x.com/MariahCarey",
    "twitterUrl": "https://twitter.com/MariahCarey",
    "id": "19248106",
    "name": "Mariah Carey",
    "isVerified": false,
    "isBlueVerified": true,
    "profilePicture": "https://pbs.twimg.com/profile_images/1863353464408977408/-RaJIdHF_normal.jpg",
    "coverPicture": "https://pbs.twimg.com/profile_banners/19248106/1673216869",
    "description": "Mimi 🦋✨",
    "location": "Citizen of the World Dahhhling",
    "followers": 21311703,
    "following": 177,
    "status": "",
    "canDm": false,
    "canMediaTag": false,
    "createdAt": "Tue Jan 20 18:08:51 +0000 2009",
    "entities": {
      "description": {
        "urls": []
      },
      "url": {
        "urls": [
          {
            "display_url": "mariahcarey.com",
            "expanded_url": "http://mariahcarey.com",
            "url": "https://t.co/iZvyjYto7X",
            "indices": [
              0,
              23
            ]
          }
        ]
      }
    },
    "fastFollowersCount": 0,
    "favouritesCount": 5796,
    "hasCustomTimelines": true,
    "isTranslator": false,
    "mediaCount": 2932,
    "statusesCount": 11408,
    "withheldInCountries": [],
    "affiliatesHighlightedLabel": {},
    "possiblySensitive": false,
    "pinnedTweetIds": []
  },
  "id": "1866617847117717831",
  "text": "Shop my Christmas Merch and send me your pictures with it! 🎁🎄 https://t.co/OSRrS8wgfq https://t.co/fZINNXTSks",
  "twitterUrl": "https://twitter.com/MariahCarey/status/1866617847117717831"
},
{
  "author": {
    "type": "user",
    "userName": "MariahCarey",
    "url": "https://x.com/MariahCarey",
    "twitterUrl": "https://twitter.com/MariahCarey",
    "id": "19248106",
    "name": "Mariah Carey",
    "isVerified": false,
    "isBlueVerified": true,
    "profilePicture": "https://pbs.twimg.com/profile_images/1863353464408977408/-RaJIdHF_normal.jpg",
    "coverPicture": "https://pbs.twimg.com/profile_banners/19248106/1673216869",
    "description": "Mimi 🦋✨",
    "location": "Citizen of the World Dahhhling",
    "followers": 21311703,
    "following": 177,
    "status": "",
    "canDm": false,
    "canMediaTag": false,
    "createdAt": "Tue Jan 20 18:08:51 +0000 2009",
    "entities": {
      "description": {
        "urls": []
      },
      "url": {
        "urls": [
          {
            "display_url": "mariahcarey.com",
            "expanded_url": "http://mariahcarey.com",
            "url": "https://t.co/iZvyjYto7X",
            "indices": [
              0,
              23
            ]
          }
        ]
      }
    },
    "fastFollowersCount": 0,
    "favouritesCount": 5796,
    "hasCustomTimelines": true,
    "isTranslator": false,
    "mediaCount": 2932,
    "statusesCount": 11408,
    "withheldInCountries": [],
    "affiliatesHighlightedLabel": {},
    "possiblySensitive": false,
    "pinnedTweetIds": []
  },
  "id": "1866581422686773463",
  "text": "Last night on stage in Raleigh, North Carolina, I found out that All I Want For Christmas Is You returned to #1 on the Billboard Hot 100. I couldn't have dreamed of a better time or place to celebrate the news than on stage with my amazing fans, my kids and my #Christmastime tour family. I love you and am so grateful to you all ❤️❤️❤️ M",
  "twitterUrl": "https://twitter.com/MariahCarey/status/1866581422686773463"
},
{
  "author": {
    "type": "user",
    "userName": "MariahCarey",
    "url": "https://x.com/MariahCarey",
    "twitterUrl": "https://twitter.com/MariahCarey",
    "id": "19248106",
    "name": "Mariah Carey",
    "isVerified": false,
    "isBlueVerified": true,
    "profilePicture": "https://pbs.twimg.com/profile_images/1863353464408977408/-RaJIdHF_normal.jpg",
    "coverPicture": "https://pbs.twimg.com/profile_banners/19248106/1673216869",
    "description": "Mimi 🦋✨",
    "location": "Citizen of the World Dahhhling",
    "followers": 21311703,
    "following": 177,
    "status": "",
    "canDm": false,
    "canMediaTag": false,
    "createdAt": "Tue Jan 20 18:08:51 +0000 2009",
    "entities": {
      "description": {
        "urls": []
      },
      "url": {
        "urls": [
          {
            "display_url": "mariahcarey.com",
            "expanded_url": "http://mariahcarey.com",
            "url": "https://t.co/iZvyjYto7X",
            "indices": [
              0,
              23
            ]
          }
        ]
      }
    },
    "fastFollowersCount": 0,
    "favouritesCount": 5796,
    "hasCustomTimelines": true,
    "isTranslator": false,
    "mediaCount": 2932,
    "statusesCount": 11408,
    "withheldInCountries": [],
    "affiliatesHighlightedLabel": {},
    "possiblySensitive": false,
    "pinnedTweetIds": []
  },
  "id": "1866579369436541051",
  "text": "RT @billboard: Mariah Carey‘s “All I Want for Christmas Is You” returns to No. 1 for a 15th week atop the Billboard Hot 100. https://t.co/q…",
  "twitterUrl": "https://twitter.com/MariahCarey/status/1866579369436541051"
},
{
  "author": {
    "type": "user",
    "userName": "MariahCarey",
    "url": "https://x.com/MariahCarey",
    "twitterUrl": "https://twitter.com/MariahCarey",
    "id": "19248106",
    "name": "Mariah Carey",
    "isVerified": false,
    "isBlueVerified": true,
    "profilePicture": "https://pbs.twimg.com/profile_images/1863353464408977408/-RaJIdHF_normal.jpg",
    "coverPicture": "https://pbs.twimg.com/profile_banners/19248106/1673216869",
    "description": "Mimi 🦋✨",
    "location": "Citizen of the World Dahhhling",
    "followers": 21311703,
    "following": 177,
    "status": "",
    "canDm": false,
    "canMediaTag": false,
    "createdAt": "Tue Jan 20 18:08:51 +0000 2009",
    "entities": {
      "description": {
        "urls": []
      },
      "url": {
        "urls": [
          {
            "display_url": "mariahcarey.com",
            "expanded_url": "http://mariahcarey.com",
            "url": "https://t.co/iZvyjYto7X",
            "indices": [
              0,
              23
            ]
          }
        ]
      }
    },
    "fastFollowersCount": 0,
    "favouritesCount": 5796,
    "hasCustomTimelines": true,
    "isTranslator": false,
    "mediaCount": 2932,
    "statusesCount": 11408,
    "withheldInCountries": [],
    "affiliatesHighlightedLabel": {},
    "possiblySensitive": false,
    "pinnedTweetIds": []
  },
  "id": "1866578794758410475",
  "text": "RT @chartdata: .@MariahCarey's \"All I Want For Christmas Is You\" is now the highest certified song by a lead female artist in @RIAA history…",
  "twitterUrl": "https://twitter.com/MariahCarey/status/1866578794758410475"
},
{
  "author": {
    "type": "user",
    "userName": "MariahCarey",
    "url": "https://x.com/MariahCarey",
    "twitterUrl": "https://twitter.com/MariahCarey",
    "id": "19248106",
    "name": "Mariah Carey",
    "isVerified": false,
    "isBlueVerified": true,
    "profilePicture": "https://pbs.twimg.com/profile_images/1863353464408977408/-RaJIdHF_normal.jpg",
    "coverPicture": "https://pbs.twimg.com/profile_banners/19248106/1673216869",
    "description": "Mimi 🦋✨",
    "location": "Citizen of the World Dahhhling",
    "followers": 21311703,
    "following": 177,
    "status": "",
    "canDm": false,
    "canMediaTag": false,
    "createdAt": "Tue Jan 20 18:08:51 +0000 2009",
    "entities": {
      "description": {
        "urls": []
      },
      "url": {
        "urls": [
          {
            "display_url": "mariahcarey.com",
            "expanded_url": "http://mariahcarey.com",
            "url": "https://t.co/iZvyjYto7X",
            "indices": [
              0,
              23
            ]
          }
        ]
      }
    },
    "fastFollowersCount": 0,
    "favouritesCount": 5796,
    "hasCustomTimelines": true,
    "isTranslator": false,
    "mediaCount": 2932,
    "statusesCount": 11408,
    "withheldInCountries": [],
    "affiliatesHighlightedLabel": {},
    "possiblySensitive": false,
    "pinnedTweetIds": []
  },
  "id": "1866174997678674216",
  "text": "The deluxe limited edition of Merry Christmas is really special, I hope you enjoy it!❤️❤️ https://t.co/OSRrS8wgfq https://t.co/AiKBQUjaGk",
  "twitterUrl": "https://twitter.com/MariahCarey/status/1866174997678674216"
},
{
  "author": {
    "type": "user",
    "userName": "MariahCarey",
    "url": "https://x.com/MariahCarey",
    "twitterUrl": "https://twitter.com/MariahCarey",
    "id": "19248106",
    "name": "Mariah Carey",
    "isVerified": false,
    "isBlueVerified": true,
    "profilePicture": "https://pbs.twimg.com/profile_images/1863353464408977408/-RaJIdHF_normal.jpg",
    "coverPicture": "https://pbs.twimg.com/profile_banners/19248106/1673216869",
    "description": "Mimi 🦋✨",
    "location": "Citizen of the World Dahhhling",
    "followers": 21311703,
    "following": 177,
    "status": "",
    "canDm": false,
    "canMediaTag": false,
    "createdAt": "Tue Jan 20 18:08:51 +0000 2009",
    "entities": {
      "description": {
        "urls": []
      },
      "url": {
        "urls": [
          {
            "display_url": "mariahcarey.com",
            "expanded_url": "http://mariahcarey.com",
            "url": "https://t.co/iZvyjYto7X",
            "indices": [
              0,
              23
            ]
          }
        ]
      }
    },
    "fastFollowersCount": 0,
    "favouritesCount": 5796,
    "hasCustomTimelines": true,
    "isTranslator": false,
    "mediaCount": 2932,
    "statusesCount": 11408,
    "withheldInCountries": [],
    "affiliatesHighlightedLabel": {},
    "possiblySensitive": false,
    "pinnedTweetIds": []
  },
  "id": "1866141014693396687",
  "text": "Congratulations, Jimmy Debut Era! I'll see you tonight 😘",
  "twitterUrl": "https://twitter.com/MariahCarey/status/1866141014693396687"
},
{
  "author": {
    "type": "user",
    "userName": "MariahCarey",
    "url": "https://x.com/MariahCarey",
    "twitterUrl": "https://twitter.com/MariahCarey",
    "id": "19248106",
    "name": "Mariah Carey",
    "isVerified": false,
    "isBlueVerified": true,
    "profilePicture": "https://pbs.twimg.com/profile_images/1863353464408977408/-RaJIdHF_normal.jpg",
    "coverPicture": "https://pbs.twimg.com/profile_banners/19248106/1673216869",
    "description": "Mimi 🦋✨",
    "location": "Citizen of the World Dahhhling",
    "followers": 21311703,
    "following": 177,
    "status": "",
    "canDm": false,
    "canMediaTag": false,
    "createdAt": "Tue Jan 20 18:08:51 +0000 2009",
    "entities": {
      "description": {
        "urls": []
      },
      "url": {
        "urls": [
          {
            "display_url": "mariahcarey.com",
            "expanded_url": "http://mariahcarey.com",
            "url": "https://t.co/iZvyjYto7X",
            "indices": [
              0,
              23
            ]
          }
        ]
      }
    },
    "fastFollowersCount": 0,
    "favouritesCount": 5796,
    "hasCustomTimelines": true,
    "isTranslator": false,
    "mediaCount": 2932,
    "statusesCount": 11408,
    "withheldInCountries": [],
    "affiliatesHighlightedLabel": {},
    "possiblySensitive": false,
    "pinnedTweetIds": []
  },
  "id": "1866136424799744333",
  "text": "Raleigh, NC!! Who’s coming to the show tonight?? 💕💕💕",
  "twitterUrl": "https://twitter.com/MariahCarey/status/1866136424799744333"
}]