[{
  "author": {
    "type": "user",
    "userName": "taylorswift13",
    "url": "https://x.com/taylorswift13",
    "twitterUrl": "https://twitter.com/taylorswift13",
    "id": "17919972",
    "name": "Taylor Swift",
    "isVerified": false,
    "isBlueVerified": true,
    "profilePicture": "https://pbs.twimg.com/profile_images/1766836345450672128/HpuBz514_normal.jpg",
    "coverPicture": "https://pbs.twimg.com/profile_banners/17919972/1713499429",
    "description": "All’s fair in love and poetry... New album THE TORTURED POETS DEPARTMENT. Out now 🤍",
    "location": "",
    "followers": 94679503,
    "following": 0,
    "status": "",
    "canDm": false,
    "canMediaTag": true,
    "createdAt": "Sat Dec 06 10:10:54 +0000 2008",
    "entities": {
      "description": {
        "urls": []
      },
      "url": {
        "urls": [
          {
            "display_url": "taylorswift.com",
            "expanded_url": "http://taylorswift.com",
            "url": "https://t.co/wpsoZsVt46",
            "indices": [
              0,
              23
            ]
          }
        ]
      }
    },
    "fastFollowersCount": 0,
    "favouritesCount": 1586,
    "hasCustomTimelines": false,
    "isTranslator": false,
    "mediaCount": 519,
    "statusesCount": 860,
    "withheldInCountries": [],
    "affiliatesHighlightedLabel": {},
    "possiblySensitive": false,
    "pinnedTweetIds": [
      "1781171613058097619"
    ]
  },
  "id": "1857824530015691031",
  "text": "Just 13 days til The Tortured Poets Department: The Anthology on vinyl and CD AND The Official Eras Tour Book are all available for the first time ever at @Target!🎁 🤍\n\nInternational info coming soon 🫶 https://t.co/m2GNh2QdGv",
  "twitterUrl": "https://twitter.com/taylorswift13/status/1857824530015691031"
},
{
  "author": {
    "type": "user",
    "userName": "taylorswift13",
    "url": "https://x.com/taylorswift13",
    "twitterUrl": "https://twitter.com/taylorswift13",
    "id": "17919972",
    "name": "Taylor Swift",
    "isVerified": false,
    "isBlueVerified": true,
    "profilePicture": "https://pbs.twimg.com/profile_images/1766836345450672128/HpuBz514_normal.jpg",
    "coverPicture": "https://pbs.twimg.com/profile_banners/17919972/1713499429",
    "description": "All’s fair in love and poetry... New album THE TORTURED POETS DEPARTMENT. Out now 🤍",
    "location": "",
    "followers": 94679503,
    "following": 0,
    "status": "",
    "canDm": false,
    "canMediaTag": true,
    "createdAt": "Sat Dec 06 10:10:54 +0000 2008",
    "entities": {
      "description": {
        "urls": []
      },
      "url": {
        "urls": [
          {
            "display_url": "taylorswift.com",
            "expanded_url": "http://taylorswift.com",
            "url": "https://t.co/wpsoZsVt46",
            "indices": [
              0,
              23
            ]
          }
        ]
      }
    },
    "fastFollowersCount": 0,
    "favouritesCount": 1586,
    "hasCustomTimelines": false,
    "isTranslator": false,
    "mediaCount": 519,
    "statusesCount": 860,
    "withheldInCountries": [],
    "affiliatesHighlightedLabel": {},
    "possiblySensitive": false,
    "pinnedTweetIds": [
      "1781171613058097619"
    ]
  },
  "id": "1846164297442832831",
  "text": "We’ll be kicking off the final leg of The Eras Tour this week, which is hard to comprehend. This tour has been the most wondrous experience and I knew I wanted to commemorate the memories we made together in a special way. Well, two ways actually. Excited to announce that The Official Eras Tour Book, filled with my own personal reflections, never-before-seen behind the scenes photos, all the magical memories you guys brought every single night AND …. The Tortured Poets Department: The Anthology on vinyl and CD will all be available for the first time ever only at @Target starting Nov 29th. 🤍\n\nInternational info coming soon!",
  "twitterUrl": "https://twitter.com/taylorswift13/status/1846164297442832831"
},
{
  "author": {
    "type": "user",
    "userName": "taylorswift13",
    "url": "https://x.com/taylorswift13",
    "twitterUrl": "https://twitter.com/taylorswift13",
    "id": "17919972",
    "name": "Taylor Swift",
    "isVerified": false,
    "isBlueVerified": true,
    "profilePicture": "https://pbs.twimg.com/profile_images/1766836345450672128/HpuBz514_normal.jpg",
    "coverPicture": "https://pbs.twimg.com/profile_banners/17919972/1713499429",
    "description": "All’s fair in love and poetry... New album THE TORTURED POETS DEPARTMENT. Out now 🤍",
    "location": "",
    "followers": 94679503,
    "following": 0,
    "status": "",
    "canDm": false,
    "canMediaTag": true,
    "createdAt": "Sat Dec 06 10:10:54 +0000 2008",
    "entities": {
      "description": {
        "urls": []
      },
      "url": {
        "urls": [
          {
            "display_url": "taylorswift.com",
            "expanded_url": "http://taylorswift.com",
            "url": "https://t.co/wpsoZsVt46",
            "indices": [
              0,
              23
            ]
          }
        ]
      }
    },
    "fastFollowersCount": 0,
    "favouritesCount": 1586,
    "hasCustomTimelines": false,
    "isTranslator": false,
    "mediaCount": 519,
    "statusesCount": 860,
    "withheldInCountries": [],
    "affiliatesHighlightedLabel": {},
    "possiblySensitive": false,
    "pinnedTweetIds": [
      "1781171613058097619"
    ]
  },
  "id": "1804489925246529747",
  "text": "Happy Bday M8! London shows are off to a splendid start 🇬🇧🇺🇸🤝 \n\n@KensingtonRoyal https://t.co/VlD6V0PiEL",
  "twitterUrl": "https://twitter.com/taylorswift13/status/1804489925246529747"
},
{
  "author": {
    "type": "user",
    "userName": "taylorswift13",
    "url": "https://x.com/taylorswift13",
    "twitterUrl": "https://twitter.com/taylorswift13",
    "id": "17919972",
    "name": "Taylor Swift",
    "isVerified": false,
    "isBlueVerified": true,
    "profilePicture": "https://pbs.twimg.com/profile_images/1766836345450672128/HpuBz514_normal.jpg",
    "coverPicture": "https://pbs.twimg.com/profile_banners/17919972/1713499429",
    "description": "All’s fair in love and poetry... New album THE TORTURED POETS DEPARTMENT. Out now 🤍",
    "location": "",
    "followers": 94679503,
    "following": 0,
    "status": "",
    "canDm": false,
    "canMediaTag": true,
    "createdAt": "Sat Dec 06 10:10:54 +0000 2008",
    "entities": {
      "description": {
        "urls": []
      },
      "url": {
        "urls": [
          {
            "display_url": "taylorswift.com",
            "expanded_url": "http://taylorswift.com",
            "url": "https://t.co/wpsoZsVt46",
            "indices": [
              0,
              23
            ]
          }
        ]
      }
    },
    "fastFollowersCount": 0,
    "favouritesCount": 1586,
    "hasCustomTimelines": false,
    "isTranslator": false,
    "mediaCount": 519,
    "statusesCount": 860,
    "withheldInCountries": [],
    "affiliatesHighlightedLabel": {},
    "possiblySensitive": false,
    "pinnedTweetIds": [
      "1781171613058097619"
    ]
  },
  "id": "1794805688696275131",
  "text": "It’s official, I left my 🤍 in Lisbon. My first time in Portugal and you all made me feel like I was right at home. I’ll seriously never forget the way you treated us, the overwhelming love and passion and hands in the air and dancing and how you screamed every lyric!! Muito obrigada 🇵🇹\n\n📷: Pedro Gomes / @GettyImages",
  "twitterUrl": "https://twitter.com/taylorswift13/status/1794805688696275131"
},
{
  "author": {
    "type": "user",
    "userName": "taylorswift13",
    "url": "https://x.com/taylorswift13",
    "twitterUrl": "https://twitter.com/taylorswift13",
    "id": "17919972",
    "name": "Taylor Swift",
    "isVerified": false,
    "isBlueVerified": true,
    "profilePicture": "https://pbs.twimg.com/profile_images/1766836345450672128/HpuBz514_normal.jpg",
    "coverPicture": "https://pbs.twimg.com/profile_banners/17919972/1713499429",
    "description": "All’s fair in love and poetry... New album THE TORTURED POETS DEPARTMENT. Out now 🤍",
    "location": "",
    "followers": 94679503,
    "following": 0,
    "status": "",
    "canDm": false,
    "canMediaTag": true,
    "createdAt": "Sat Dec 06 10:10:54 +0000 2008",
    "entities": {
      "description": {
        "urls": []
      },
      "url": {
        "urls": [
          {
            "display_url": "taylorswift.com",
            "expanded_url": "http://taylorswift.com",
            "url": "https://t.co/wpsoZsVt46",
            "indices": [
              0,
              23
            ]
          }
        ]
      }
    },
    "fastFollowersCount": 0,
    "favouritesCount": 1586,
    "hasCustomTimelines": false,
    "isTranslator": false,
    "mediaCount": 519,
    "statusesCount": 860,
    "withheldInCountries": [],
    "affiliatesHighlightedLabel": {},
    "possiblySensitive": false,
    "pinnedTweetIds": [
      "1781171613058097619"
    ]
  },
  "id": "1792634158977568997",
  "text": "Stockholm!!!! Thank you for being the most generous, excitable, magical crowds, and for breaking the all time attendance record for the stadium all 3 nights. Can’t believe this was our first time playing in Sweden - but it won’t be our last… 🇸🇪 🥰\n\n📷: @CampanellaFoto / @GettyImages",
  "twitterUrl": "https://twitter.com/taylorswift13/status/1792634158977568997"
},
{
  "author": {
    "type": "user",
    "userName": "taylorswift13",
    "url": "https://x.com/taylorswift13",
    "twitterUrl": "https://twitter.com/taylorswift13",
    "id": "17919972",
    "name": "Taylor Swift",
    "isVerified": false,
    "isBlueVerified": true,
    "profilePicture": "https://pbs.twimg.com/profile_images/1766836345450672128/HpuBz514_normal.jpg",
    "coverPicture": "https://pbs.twimg.com/profile_banners/17919972/1713499429",
    "description": "All’s fair in love and poetry... New album THE TORTURED POETS DEPARTMENT. Out now 🤍",
    "location": "",
    "followers": 94679503,
    "following": 0,
    "status": "",
    "canDm": false,
    "canMediaTag": true,
    "createdAt": "Sat Dec 06 10:10:54 +0000 2008",
    "entities": {
      "description": {
        "urls": []
      },
      "url": {
        "urls": [
          {
            "display_url": "taylorswift.com",
            "expanded_url": "http://taylorswift.com",
            "url": "https://t.co/wpsoZsVt46",
            "indices": [
              0,
              23
            ]
          }
        ]
      }
    },
    "fastFollowersCount": 0,
    "favouritesCount": 1586,
    "hasCustomTimelines": false,
    "isTranslator": false,
    "mediaCount": 519,
    "statusesCount": 860,
    "withheldInCountries": [],
    "affiliatesHighlightedLabel": {},
    "possiblySensitive": false,
    "pinnedTweetIds": [
      "1781171613058097619"
    ]
  },
  "id": "1789769621429457325",
  "text": "This post is dedicated to the new Tortured Poets section of the Eras Tour (aka Female Rage The Musical!) and everyone who made these memories so magical. To my crew, fellow performers, and band who worked tirelessly in their break to concoct this surprise for you - but mostly for the fans in Paris. I’m so thankful that it was you we got to show this to for the first time because you gave us so much excitement, passion, and love. I’m SO fired up to play this for every crowd on the tour. See you very soon, Stockholm! 🤍\n\n📷: @KevinMazur / @GettyImages",
  "twitterUrl": "https://twitter.com/taylorswift13/status/1789769621429457325"
},
{
  "author": {
    "type": "user",
    "userName": "taylorswift13",
    "url": "https://x.com/taylorswift13",
    "twitterUrl": "https://twitter.com/taylorswift13",
    "id": "17919972",
    "name": "Taylor Swift",
    "isVerified": false,
    "isBlueVerified": true,
    "profilePicture": "https://pbs.twimg.com/profile_images/1766836345450672128/HpuBz514_normal.jpg",
    "coverPicture": "https://pbs.twimg.com/profile_banners/17919972/1713499429",
    "description": "All’s fair in love and poetry... New album THE TORTURED POETS DEPARTMENT. Out now 🤍",
    "location": "",
    "followers": 94679503,
    "following": 0,
    "status": "",
    "canDm": false,
    "canMediaTag": true,
    "createdAt": "Sat Dec 06 10:10:54 +0000 2008",
    "entities": {
      "description": {
        "urls": []
      },
      "url": {
        "urls": [
          {
            "display_url": "taylorswift.com",
            "expanded_url": "http://taylorswift.com",
            "url": "https://t.co/wpsoZsVt46",
            "indices": [
              0,
              23
            ]
          }
        ]
      }
    },
    "fastFollowersCount": 0,
    "favouritesCount": 1586,
    "hasCustomTimelines": false,
    "isTranslator": false,
    "mediaCount": 519,
    "statusesCount": 860,
    "withheldInCountries": [],
    "affiliatesHighlightedLabel": {},
    "possiblySensitive": false,
    "pinnedTweetIds": [
      "1781171613058097619"
    ]
  },
  "id": "1785011438379261988",
  "text": "You’ve outdone yourselves, this is unbelievable 🙏🙏🙏",
  "twitterUrl": "https://twitter.com/taylorswift13/status/1785011438379261988"
},
{
  "author": {
    "type": "user",
    "userName": "taylorswift13",
    "url": "https://x.com/taylorswift13",
    "twitterUrl": "https://twitter.com/taylorswift13",
    "id": "17919972",
    "name": "Taylor Swift",
    "isVerified": false,
    "isBlueVerified": true,
    "profilePicture": "https://pbs.twimg.com/profile_images/1766836345450672128/HpuBz514_normal.jpg",
    "coverPicture": "https://pbs.twimg.com/profile_banners/17919972/1713499429",
    "description": "All’s fair in love and poetry... New album THE TORTURED POETS DEPARTMENT. Out now 🤍",
    "location": "",
    "followers": 94679503,
    "following": 0,
    "status": "",
    "canDm": false,
    "canMediaTag": true,
    "createdAt": "Sat Dec 06 10:10:54 +0000 2008",
    "entities": {
      "description": {
        "urls": []
      },
      "url": {
        "urls": [
          {
            "display_url": "taylorswift.com",
            "expanded_url": "http://taylorswift.com",
            "url": "https://t.co/wpsoZsVt46",
            "indices": [
              0,
              23
            ]
          }
        ]
      }
    },
    "fastFollowersCount": 0,
    "favouritesCount": 1586,
    "hasCustomTimelines": false,
    "isTranslator": false,
    "mediaCount": 519,
    "statusesCount": 860,
    "withheldInCountries": [],
    "affiliatesHighlightedLabel": {},
    "possiblySensitive": false,
    "pinnedTweetIds": [
      "1781171613058097619"
    ]
  },
  "id": "1784667251540431091",
  "text": "What do you MEAN",
  "twitterUrl": "https://twitter.com/taylorswift13/status/1784667251540431091"
}]