[{
  "author": {
    "type": "user",
    "userName": "Tesla",
    "url": "https://x.com/Tesla",
    "twitterUrl": "https://twitter.com/Tesla",
    "id": "13298072",
    "name": "Tesla",
    "isVerified": false,
    "verifiedType": "Business",
    "isBlueVerified": true,
    "profilePicture": "https://pbs.twimg.com/profile_images/1337607516008501250/6Ggc4S5n_normal.png",
    "coverPicture": "https://pbs.twimg.com/profile_banners/13298072/1728838973",
    "description": "Electric vehicles, giant batteries & solar, AI & robotics",
    "location": "",
    "followers": 23202976,
    "following": 62,
    "status": "",
    "canDm": true,
    "canMediaTag": true,
    "createdAt": "Sun Feb 10 01:12:32 +0000 2008",
    "entities": {
      "description": {
        "urls": []
      },
      "url": {
        "urls": [
          {
            "display_url": "tesla.com",
            "expanded_url": "https://www.tesla.com",
            "url": "https://t.co/EJC6qVEby4",
            "indices": [
              0,
              23
            ]
          }
        ]
      }
    },
    "fastFollowersCount": 0,
    "favouritesCount": 6369,
    "hasCustomTimelines": true,
    "isTranslator": false,
    "mediaCount": 1722,
    "statusesCount": 8986,
    "withheldInCountries": [],
    "affiliatesHighlightedLabel": {},
    "possiblySensitive": false,
    "pinnedTweetIds": [
      "1757817032559452498"
    ]
  },
  "id": "1867205549257031860",
  "text": "If you’re a parent, you will appreciate the fact that you can connect up to 2 pairs of headphones via Bluetooth to the rear display in our vehicles",
  "twitterUrl": "https://twitter.com/Tesla/status/1867205549257031860"
},
{
  "author": {
    "type": "user",
    "userName": "Tesla",
    "url": "https://x.com/Tesla",
    "twitterUrl": "https://twitter.com/Tesla",
    "id": "13298072",
    "name": "Tesla",
    "isVerified": false,
    "verifiedType": "Business",
    "isBlueVerified": true,
    "profilePicture": "https://pbs.twimg.com/profile_images/1337607516008501250/6Ggc4S5n_normal.png",
    "coverPicture": "https://pbs.twimg.com/profile_banners/13298072/1728838973",
    "description": "Electric vehicles, giant batteries & solar, AI & robotics",
    "location": "",
    "followers": 23202976,
    "following": 62,
    "status": "",
    "canDm": true,
    "canMediaTag": true,
    "createdAt": "Sun Feb 10 01:12:32 +0000 2008",
    "entities": {
      "description": {
        "urls": []
      },
      "url": {
        "urls": [
          {
            "display_url": "tesla.com",
            "expanded_url": "https://www.tesla.com",
            "url": "https://t.co/EJC6qVEby4",
            "indices": [
              0,
              23
            ]
          }
        ]
      }
    },
    "fastFollowersCount": 0,
    "favouritesCount": 6369,
    "hasCustomTimelines": true,
    "isTranslator": false,
    "mediaCount": 1722,
    "statusesCount": 8986,
    "withheldInCountries": [],
    "affiliatesHighlightedLabel": {},
    "possiblySensitive": false,
    "pinnedTweetIds": [
      "1757817032559452498"
    ]
  },
  "id": "1866933989543428570",
  "text": "stonks",
  "twitterUrl": "https://twitter.com/Tesla/status/1866933989543428570"
},
{
  "author": {
    "type": "user",
    "userName": "Tesla",
    "url": "https://x.com/Tesla",
    "twitterUrl": "https://twitter.com/Tesla",
    "id": "13298072",
    "name": "Tesla",
    "isVerified": false,
    "verifiedType": "Business",
    "isBlueVerified": true,
    "profilePicture": "https://pbs.twimg.com/profile_images/1337607516008501250/6Ggc4S5n_normal.png",
    "coverPicture": "https://pbs.twimg.com/profile_banners/13298072/1728838973",
    "description": "Electric vehicles, giant batteries & solar, AI & robotics",
    "location": "",
    "followers": 23202976,
    "following": 62,
    "status": "",
    "canDm": true,
    "canMediaTag": true,
    "createdAt": "Sun Feb 10 01:12:32 +0000 2008",
    "entities": {
      "description": {
        "urls": []
      },
      "url": {
        "urls": [
          {
            "display_url": "tesla.com",
            "expanded_url": "https://www.tesla.com",
            "url": "https://t.co/EJC6qVEby4",
            "indices": [
              0,
              23
            ]
          }
        ]
      }
    },
    "fastFollowersCount": 0,
    "favouritesCount": 6369,
    "hasCustomTimelines": true,
    "isTranslator": false,
    "mediaCount": 1722,
    "statusesCount": 8986,
    "withheldInCountries": [],
    "affiliatesHighlightedLabel": {},
    "possiblySensitive": false,
    "pinnedTweetIds": [
      "1757817032559452498"
    ]
  },
  "id": "1866611007369486441",
  "text": "Why @ckuehmann upgraded to the new Model 3 https://t.co/KSyf5NxRZk",
  "twitterUrl": "https://twitter.com/Tesla/status/1866611007369486441"
},
{
  "author": {
    "type": "user",
    "userName": "Tesla",
    "url": "https://x.com/Tesla",
    "twitterUrl": "https://twitter.com/Tesla",
    "id": "13298072",
    "name": "Tesla",
    "isVerified": false,
    "verifiedType": "Business",
    "isBlueVerified": true,
    "profilePicture": "https://pbs.twimg.com/profile_images/1337607516008501250/6Ggc4S5n_normal.png",
    "coverPicture": "https://pbs.twimg.com/profile_banners/13298072/1728838973",
    "description": "Electric vehicles, giant batteries & solar, AI & robotics",
    "location": "",
    "followers": 23202976,
    "following": 62,
    "status": "",
    "canDm": true,
    "canMediaTag": true,
    "createdAt": "Sun Feb 10 01:12:32 +0000 2008",
    "entities": {
      "description": {
        "urls": []
      },
      "url": {
        "urls": [
          {
            "display_url": "tesla.com",
            "expanded_url": "https://www.tesla.com",
            "url": "https://t.co/EJC6qVEby4",
            "indices": [
              0,
              23
            ]
          }
        ]
      }
    },
    "fastFollowersCount": 0,
    "favouritesCount": 6369,
    "hasCustomTimelines": true,
    "isTranslator": false,
    "mediaCount": 1722,
    "statusesCount": 8986,
    "withheldInCountries": [],
    "affiliatesHighlightedLabel": {},
    "possiblySensitive": false,
    "pinnedTweetIds": [
      "1757817032559452498"
    ]
  },
  "id": "1866481079030350153",
  "text": "Safety for all, on &amp; off the road",
  "twitterUrl": "https://twitter.com/Tesla/status/1866481079030350153"
},
{
  "author": {
    "type": "user",
    "userName": "Tesla",
    "url": "https://x.com/Tesla",
    "twitterUrl": "https://twitter.com/Tesla",
    "id": "13298072",
    "name": "Tesla",
    "isVerified": false,
    "verifiedType": "Business",
    "isBlueVerified": true,
    "profilePicture": "https://pbs.twimg.com/profile_images/1337607516008501250/6Ggc4S5n_normal.png",
    "coverPicture": "https://pbs.twimg.com/profile_banners/13298072/1728838973",
    "description": "Electric vehicles, giant batteries & solar, AI & robotics",
    "location": "",
    "followers": 23202976,
    "following": 62,
    "status": "",
    "canDm": true,
    "canMediaTag": true,
    "createdAt": "Sun Feb 10 01:12:32 +0000 2008",
    "entities": {
      "description": {
        "urls": []
      },
      "url": {
        "urls": [
          {
            "display_url": "tesla.com",
            "expanded_url": "https://www.tesla.com",
            "url": "https://t.co/EJC6qVEby4",
            "indices": [
              0,
              23
            ]
          }
        ]
      }
    },
    "fastFollowersCount": 0,
    "favouritesCount": 6369,
    "hasCustomTimelines": true,
    "isTranslator": false,
    "mediaCount": 1722,
    "statusesCount": 8986,
    "withheldInCountries": [],
    "affiliatesHighlightedLabel": {},
    "possiblySensitive": false,
    "pinnedTweetIds": [
      "1757817032559452498"
    ]
  },
  "id": "1866480588167024881",
  "text": "RT @elonmusk: Demonstrate Tesla self-driving to a friend tomorrow. It feels like magic.",
  "twitterUrl": "https://twitter.com/Tesla/status/1866480588167024881"
},
{
  "author": {
    "type": "user",
    "userName": "Tesla",
    "url": "https://x.com/Tesla",
    "twitterUrl": "https://twitter.com/Tesla",
    "id": "13298072",
    "name": "Tesla",
    "isVerified": false,
    "verifiedType": "Business",
    "isBlueVerified": true,
    "profilePicture": "https://pbs.twimg.com/profile_images/1337607516008501250/6Ggc4S5n_normal.png",
    "coverPicture": "https://pbs.twimg.com/profile_banners/13298072/1728838973",
    "description": "Electric vehicles, giant batteries & solar, AI & robotics",
    "location": "",
    "followers": 23202976,
    "following": 62,
    "status": "",
    "canDm": true,
    "canMediaTag": true,
    "createdAt": "Sun Feb 10 01:12:32 +0000 2008",
    "entities": {
      "description": {
        "urls": []
      },
      "url": {
        "urls": [
          {
            "display_url": "tesla.com",
            "expanded_url": "https://www.tesla.com",
            "url": "https://t.co/EJC6qVEby4",
            "indices": [
              0,
              23
            ]
          }
        ]
      }
    },
    "fastFollowersCount": 0,
    "favouritesCount": 6369,
    "hasCustomTimelines": true,
    "isTranslator": false,
    "mediaCount": 1722,
    "statusesCount": 8986,
    "withheldInCountries": [],
    "affiliatesHighlightedLabel": {},
    "possiblySensitive": false,
    "pinnedTweetIds": [
      "1757817032559452498"
    ]
  },
  "id": "1865704051100262869",
  "text": "FSD Supervised 13.2 reverses to exit parking spot blocked by delivery truck, then waits for oncoming traffic to clear before proceeding\n\nThis all happens implicitly within the model, which is trained on extensive data of similar real-world scenarios",
  "twitterUrl": "https://twitter.com/Tesla/status/1865704051100262869"
},
{
  "author": {
    "type": "user",
    "userName": "Tesla",
    "url": "https://x.com/Tesla",
    "twitterUrl": "https://twitter.com/Tesla",
    "id": "13298072",
    "name": "Tesla",
    "isVerified": false,
    "verifiedType": "Business",
    "isBlueVerified": true,
    "profilePicture": "https://pbs.twimg.com/profile_images/1337607516008501250/6Ggc4S5n_normal.png",
    "coverPicture": "https://pbs.twimg.com/profile_banners/13298072/1728838973",
    "description": "Electric vehicles, giant batteries & solar, AI & robotics",
    "location": "",
    "followers": 23202976,
    "following": 62,
    "status": "",
    "canDm": true,
    "canMediaTag": true,
    "createdAt": "Sun Feb 10 01:12:32 +0000 2008",
    "entities": {
      "description": {
        "urls": []
      },
      "url": {
        "urls": [
          {
            "display_url": "tesla.com",
            "expanded_url": "https://www.tesla.com",
            "url": "https://t.co/EJC6qVEby4",
            "indices": [
              0,
              23
            ]
          }
        ]
      }
    },
    "fastFollowersCount": 0,
    "favouritesCount": 6369,
    "hasCustomTimelines": true,
    "isTranslator": false,
    "mediaCount": 1722,
    "statusesCount": 8986,
    "withheldInCountries": [],
    "affiliatesHighlightedLabel": {},
    "possiblySensitive": false,
    "pinnedTweetIds": [
      "1757817032559452498"
    ]
  },
  "id": "1865507482455445786",
  "text": "Safety is S3XY https://t.co/s4coVgPe8c",
  "twitterUrl": "https://twitter.com/Tesla/status/1865507482455445786"
},
{
  "author": {
    "type": "user",
    "userName": "Tesla",
    "url": "https://x.com/Tesla",
    "twitterUrl": "https://twitter.com/Tesla",
    "id": "13298072",
    "name": "Tesla",
    "isVerified": false,
    "verifiedType": "Business",
    "isBlueVerified": true,
    "profilePicture": "https://pbs.twimg.com/profile_images/1337607516008501250/6Ggc4S5n_normal.png",
    "coverPicture": "https://pbs.twimg.com/profile_banners/13298072/1728838973",
    "description": "Electric vehicles, giant batteries & solar, AI & robotics",
    "location": "",
    "followers": 23202976,
    "following": 62,
    "status": "",
    "canDm": true,
    "canMediaTag": true,
    "createdAt": "Sun Feb 10 01:12:32 +0000 2008",
    "entities": {
      "description": {
        "urls": []
      },
      "url": {
        "urls": [
          {
            "display_url": "tesla.com",
            "expanded_url": "https://www.tesla.com",
            "url": "https://t.co/EJC6qVEby4",
            "indices": [
              0,
              23
            ]
          }
        ]
      }
    },
    "fastFollowersCount": 0,
    "favouritesCount": 6369,
    "hasCustomTimelines": true,
    "isTranslator": false,
    "mediaCount": 1722,
    "statusesCount": 8986,
    "withheldInCountries": [],
    "affiliatesHighlightedLabel": {},
    "possiblySensitive": false,
    "pinnedTweetIds": [
      "1757817032559452498"
    ]
  },
  "id": "1864797151705890929",
  "text": "In order to accelerate the world’s transition to sustainable energy, you have to make the transition a no-brainer\n\nOur goal is to create products that are not just on par with fossil fuel alternatives, but superior in every way \n\nMore affordable, more reliable, safer &amp; more fun",
  "twitterUrl": "https://twitter.com/Tesla/status/1864797151705890929"
}]