[{
  "author": {
    "type": "user",
    "userName": "YouTube",
    "url": "https://x.com/YouTube",
    "twitterUrl": "https://twitter.com/YouTube",
    "id": "10228272",
    "name": "YouTube",
    "isVerified": false,
    "verifiedType": "Business",
    "isBlueVerified": true,
    "profilePicture": "https://pbs.twimg.com/profile_images/1427292844612595720/RC1YSvuT_normal.jpg",
    "coverPicture": "https://pbs.twimg.com/profile_banners/10228272/1729176847",
    "description": "like and subscribe.",
    "location": "San Bruno, CA",
    "followers": 79445968,
    "following": 1161,
    "status": "",
    "canDm": false,
    "canMediaTag": true,
    "createdAt": "Tue Nov 13 21:43:46 +0000 2007",
    "entities": {
      "description": {
        "urls": []
      },
      "url": {
        "urls": [
          {
            "display_url": "youtube.com",
            "expanded_url": "http://youtube.com",
            "url": "https://t.co/bUisN3Y1A6",
            "indices": [
              0,
              23
            ]
          }
        ]
      }
    },
    "fastFollowersCount": 0,
    "favouritesCount": 6194,
    "hasCustomTimelines": true,
    "isTranslator": false,
    "mediaCount": 15950,
    "statusesCount": 59761,
    "withheldInCountries": [],
    "affiliatesHighlightedLabel": {},
    "possiblySensitive": false,
    "pinnedTweetIds": []
  },
  "text": "Think you can guess the three most subscribed to YouTube channels of 2024? Comment 👇 then check your work with this video from @ColinandSamir ✍️ https://t.co/tjQQMOEOVf",
  "id": "1866981485841879302",
  "twitterUrl": "https://twitter.com/YouTube/status/1866981485841879302"
},
{
  "author": {
    "type": "user",
    "userName": "YouTube",
    "url": "https://x.com/YouTube",
    "twitterUrl": "https://twitter.com/YouTube",
    "id": "10228272",
    "name": "YouTube",
    "isVerified": false,
    "verifiedType": "Business",
    "isBlueVerified": true,
    "profilePicture": "https://pbs.twimg.com/profile_images/1427292844612595720/RC1YSvuT_normal.jpg",
    "coverPicture": "https://pbs.twimg.com/profile_banners/10228272/1729176847",
    "description": "like and subscribe.",
    "location": "San Bruno, CA",
    "followers": 79445968,
    "following": 1161,
    "status": "",
    "canDm": false,
    "canMediaTag": true,
    "createdAt": "Tue Nov 13 21:43:46 +0000 2007",
    "entities": {
      "description": {
        "urls": []
      },
      "url": {
        "urls": [
          {
            "display_url": "youtube.com",
            "expanded_url": "http://youtube.com",
            "url": "https://t.co/bUisN3Y1A6",
            "indices": [
              0,
              23
            ]
          }
        ]
      }
    },
    "fastFollowersCount": 0,
    "favouritesCount": 6194,
    "hasCustomTimelines": true,
    "isTranslator": false,
    "mediaCount": 15950,
    "statusesCount": 59761,
    "withheldInCountries": [],
    "affiliatesHighlightedLabel": {},
    "possiblySensitive": false,
    "pinnedTweetIds": []
  },
  "text": "be proud of what you listened to in 2024 🐛 https://t.co/jKHfbrJ26a",
  "id": "1866920890253951070",
  "twitterUrl": "https://twitter.com/YouTube/status/1866920890253951070"
},
{
  "author": {
    "type": "user",
    "userName": "YouTube",
    "url": "https://x.com/YouTube",
    "twitterUrl": "https://twitter.com/YouTube",
    "id": "10228272",
    "name": "YouTube",
    "isVerified": false,
    "verifiedType": "Business",
    "isBlueVerified": true,
    "profilePicture": "https://pbs.twimg.com/profile_images/1427292844612595720/RC1YSvuT_normal.jpg",
    "coverPicture": "https://pbs.twimg.com/profile_banners/10228272/1729176847",
    "description": "like and subscribe.",
    "location": "San Bruno, CA",
    "followers": 79445968,
    "following": 1161,
    "status": "",
    "canDm": false,
    "canMediaTag": true,
    "createdAt": "Tue Nov 13 21:43:46 +0000 2007",
    "entities": {
      "description": {
        "urls": []
      },
      "url": {
        "urls": [
          {
            "display_url": "youtube.com",
            "expanded_url": "http://youtube.com",
            "url": "https://t.co/bUisN3Y1A6",
            "indices": [
              0,
              23
            ]
          }
        ]
      }
    },
    "fastFollowersCount": 0,
    "favouritesCount": 6194,
    "hasCustomTimelines": true,
    "isTranslator": false,
    "mediaCount": 15950,
    "statusesCount": 59761,
    "withheldInCountries": [],
    "affiliatesHighlightedLabel": {},
    "possiblySensitive": false,
    "pinnedTweetIds": []
  },
  "text": "what was your most watched video this year?",
  "id": "1866528305303769419",
  "twitterUrl": "https://twitter.com/YouTube/status/1866528305303769419"
},
{
  "author": {
    "type": "user",
    "userName": "YouTube",
    "url": "https://x.com/YouTube",
    "twitterUrl": "https://twitter.com/YouTube",
    "id": "10228272",
    "name": "YouTube",
    "isVerified": false,
    "verifiedType": "Business",
    "isBlueVerified": true,
    "profilePicture": "https://pbs.twimg.com/profile_images/1427292844612595720/RC1YSvuT_normal.jpg",
    "coverPicture": "https://pbs.twimg.com/profile_banners/10228272/1729176847",
    "description": "like and subscribe.",
    "location": "San Bruno, CA",
    "followers": 79445968,
    "following": 1161,
    "status": "",
    "canDm": false,
    "canMediaTag": true,
    "createdAt": "Tue Nov 13 21:43:46 +0000 2007",
    "entities": {
      "description": {
        "urls": []
      },
      "url": {
        "urls": [
          {
            "display_url": "youtube.com",
            "expanded_url": "http://youtube.com",
            "url": "https://t.co/bUisN3Y1A6",
            "indices": [
              0,
              23
            ]
          }
        ]
      }
    },
    "fastFollowersCount": 0,
    "favouritesCount": 6194,
    "hasCustomTimelines": true,
    "isTranslator": false,
    "mediaCount": 15950,
    "statusesCount": 59761,
    "withheldInCountries": [],
    "affiliatesHighlightedLabel": {},
    "possiblySensitive": false,
    "pinnedTweetIds": []
  },
  "text": "use some down time this holiday season to write a letter to someone you love 💞",
  "id": "1866188566360883204",
  "twitterUrl": "https://twitter.com/YouTube/status/1866188566360883204"
},
{
  "author": {
    "type": "user",
    "userName": "YouTube",
    "url": "https://x.com/YouTube",
    "twitterUrl": "https://twitter.com/YouTube",
    "id": "10228272",
    "name": "YouTube",
    "isVerified": false,
    "verifiedType": "Business",
    "isBlueVerified": true,
    "profilePicture": "https://pbs.twimg.com/profile_images/1427292844612595720/RC1YSvuT_normal.jpg",
    "coverPicture": "https://pbs.twimg.com/profile_banners/10228272/1729176847",
    "description": "like and subscribe.",
    "location": "San Bruno, CA",
    "followers": 79445968,
    "following": 1161,
    "status": "",
    "canDm": false,
    "canMediaTag": true,
    "createdAt": "Tue Nov 13 21:43:46 +0000 2007",
    "entities": {
      "description": {
        "urls": []
      },
      "url": {
        "urls": [
          {
            "display_url": "youtube.com",
            "expanded_url": "http://youtube.com",
            "url": "https://t.co/bUisN3Y1A6",
            "indices": [
              0,
              23
            ]
          }
        ]
      }
    },
    "fastFollowersCount": 0,
    "favouritesCount": 6194,
    "hasCustomTimelines": true,
    "isTranslator": false,
    "mediaCount": 15950,
    "statusesCount": 59761,
    "withheldInCountries": [],
    "affiliatesHighlightedLabel": {},
    "possiblySensitive": false,
    "pinnedTweetIds": []
  },
  "text": "what's at the top of your holiday wishlist??",
  "id": "1865078753660928026",
  "twitterUrl": "https://twitter.com/YouTube/status/1865078753660928026"
},
{
  "author": {
    "type": "user",
    "userName": "YouTube",
    "url": "https://x.com/YouTube",
    "twitterUrl": "https://twitter.com/YouTube",
    "id": "10228272",
    "name": "YouTube",
    "isVerified": false,
    "verifiedType": "Business",
    "isBlueVerified": true,
    "profilePicture": "https://pbs.twimg.com/profile_images/1427292844612595720/RC1YSvuT_normal.jpg",
    "coverPicture": "https://pbs.twimg.com/profile_banners/10228272/1729176847",
    "description": "like and subscribe.",
    "location": "San Bruno, CA",
    "followers": 79445968,
    "following": 1161,
    "status": "",
    "canDm": false,
    "canMediaTag": true,
    "createdAt": "Tue Nov 13 21:43:46 +0000 2007",
    "entities": {
      "description": {
        "urls": []
      },
      "url": {
        "urls": [
          {
            "display_url": "youtube.com",
            "expanded_url": "http://youtube.com",
            "url": "https://t.co/bUisN3Y1A6",
            "indices": [
              0,
              23
            ]
          }
        ]
      }
    },
    "fastFollowersCount": 0,
    "favouritesCount": 6194,
    "hasCustomTimelines": true,
    "isTranslator": false,
    "mediaCount": 15950,
    "statusesCount": 59761,
    "withheldInCountries": [],
    "affiliatesHighlightedLabel": {},
    "possiblySensitive": false,
    "pinnedTweetIds": []
  },
  "text": "who watched #AmazingDigitalCircus this year? @colinandsamir @glitch_prod https://t.co/Zs4u3nTDUB",
  "id": "1864844708402307360",
  "twitterUrl": "https://twitter.com/YouTube/status/1864844708402307360"
},
{
  "author": {
    "type": "user",
    "userName": "YouTube",
    "url": "https://x.com/YouTube",
    "twitterUrl": "https://twitter.com/YouTube",
    "id": "10228272",
    "name": "YouTube",
    "isVerified": false,
    "verifiedType": "Business",
    "isBlueVerified": true,
    "profilePicture": "https://pbs.twimg.com/profile_images/1427292844612595720/RC1YSvuT_normal.jpg",
    "coverPicture": "https://pbs.twimg.com/profile_banners/10228272/1729176847",
    "description": "like and subscribe.",
    "location": "San Bruno, CA",
    "followers": 79445968,
    "following": 1161,
    "status": "",
    "canDm": false,
    "canMediaTag": true,
    "createdAt": "Tue Nov 13 21:43:46 +0000 2007",
    "entities": {
      "description": {
        "urls": []
      },
      "url": {
        "urls": [
          {
            "display_url": "youtube.com",
            "expanded_url": "http://youtube.com",
            "url": "https://t.co/bUisN3Y1A6",
            "indices": [
              0,
              23
            ]
          }
        ]
      }
    },
    "fastFollowersCount": 0,
    "favouritesCount": 6194,
    "hasCustomTimelines": true,
    "isTranslator": false,
    "mediaCount": 15950,
    "statusesCount": 59761,
    "withheldInCountries": [],
    "affiliatesHighlightedLabel": {},
    "possiblySensitive": false,
    "pinnedTweetIds": []
  },
  "text": "Brazilian creator @GauchaASMR passed down her asmr skills to her cat 💛 → https://t.co/IJXDric270 https://t.co/jWhtHKBHVx",
  "id": "1864051988729663759",
  "twitterUrl": "https://twitter.com/YouTube/status/1864051988729663759"
},
{
  "author": {
    "type": "user",
    "userName": "YouTube",
    "url": "https://x.com/YouTube",
    "twitterUrl": "https://twitter.com/YouTube",
    "id": "10228272",
    "name": "YouTube",
    "isVerified": false,
    "verifiedType": "Business",
    "isBlueVerified": true,
    "profilePicture": "https://pbs.twimg.com/profile_images/1427292844612595720/RC1YSvuT_normal.jpg",
    "coverPicture": "https://pbs.twimg.com/profile_banners/10228272/1729176847",
    "description": "like and subscribe.",
    "location": "San Bruno, CA",
    "followers": 79445968,
    "following": 1161,
    "status": "",
    "canDm": false,
    "canMediaTag": true,
    "createdAt": "Tue Nov 13 21:43:46 +0000 2007",
    "entities": {
      "description": {
        "urls": []
      },
      "url": {
        "urls": [
          {
            "display_url": "youtube.com",
            "expanded_url": "http://youtube.com",
            "url": "https://t.co/bUisN3Y1A6",
            "indices": [
              0,
              23
            ]
          }
        ]
      }
    },
    "fastFollowersCount": 0,
    "favouritesCount": 6194,
    "hasCustomTimelines": true,
    "isTranslator": false,
    "mediaCount": 15950,
    "statusesCount": 59761,
    "withheldInCountries": [],
    "affiliatesHighlightedLabel": {},
    "possiblySensitive": false,
    "pinnedTweetIds": []
  },
  "text": "which hot chocolate base are you choosing?",
  "id": "1863707292299891030",
  "twitterUrl": "https://twitter.com/YouTube/status/1863707292299891030"
}]